timestamp,value
2025-02-02 14:29:00,42.652
2025-02-02 14:34:00,41.361999999999995
2025-02-02 14:39:00,43.408
2025-02-02 14:44:00,40.262
2025-02-02 14:49:00,40.328
2025-02-02 14:54:00,42.652
2025-02-02 14:59:00,39.836
2025-02-02 15:04:00,42.57
2025-02-02 15:09:00,45.211999999999996
2025-02-02 15:14:00,41.15
2025-02-02 15:19:00,42.91
2025-02-02 15:24:00,43.756
2025-02-02 15:29:00,38.522
2025-02-02 15:34:00,42.488
2025-02-02 15:39:00,41.268
2025-02-02 15:44:00,42.136
2025-02-02 15:49:00,42.066
2025-02-02 15:54:00,43.544
2025-02-02 15:59:00,38.404
2025-02-02 16:04:00,42.018
2025-02-02 16:09:00,44.872
2025-02-02 16:14:00,40.658
2025-02-02 16:19:00,42.276
2025-02-02 16:24:00,43.052
2025-02-02 16:29:00,43.56800000000001
2025-02-02 16:34:00,38.356
2025-02-02 16:39:00,39.788000000000004
2025-02-02 16:44:00,41.83
2025-02-02 16:49:00,39.038000000000004
2025-02-02 16:54:00,42.184
2025-02-02 16:59:00,41.76
2025-02-02 17:04:00,43.99
2025-02-02 17:09:00,41.476000000000006
2025-02-02 17:14:00,39.236
2025-02-02 17:19:00,41.798
2025-02-02 17:24:00,39.722
2025-02-02 17:29:00,40.61
2025-02-02 17:34:00,44.413999999999994
2025-02-02 17:39:00,38.404
2025-02-02 17:44:00,41.982
2025-02-02 17:49:00,42.066
2025-02-02 17:54:00,42.33600000000001
2025-02-02 17:59:00,41.01
2025-02-02 18:04:00,43.122
2025-02-02 18:09:00,39.954
2025-02-02 18:14:00,40.516
2025-02-02 18:19:00,45.396
2025-02-02 18:24:00,38.188
2025-02-02 18:29:00,42.536
2025-02-02 18:34:00,38.882
2025-02-02 18:39:00,40.766
2025-02-02 18:44:00,40.4
2025-02-02 18:49:00,41.808
2025-02-02 18:54:00,42.324
2025-02-02 18:59:00,44.152
2025-02-02 19:04:00,40.234
2025-02-02 19:09:00,40.891999999999996
2025-02-02 19:14:00,41.494
2025-02-02 19:19:00,40.61
2025-02-02 19:24:00,42.483999999999995
2025-02-02 19:29:00,38.774
2025-02-02 19:34:00,45.14
2025-02-02 19:39:00,40.122
2025-02-02 19:44:00,41.01
2025-02-02 19:49:00,43.708
2025-02-02 19:54:00,40.61
2025-02-02 19:59:00,43.49800000000001
2025-02-02 20:04:00,42.606
2025-02-02 20:09:00,46.361999999999995
2025-02-02 20:14:00,40.306
2025-02-02 20:19:00,46.478
2025-02-02 20:24:00,38.808
2025-02-02 20:29:00,41.878
2025-02-02 20:34:00,44.254
2025-02-02 20:39:00,41.57
2025-02-02 20:44:00,39.205999999999996
2025-02-02 20:49:00,40.482
2025-02-02 20:54:00,43.593999999999994
2025-02-02 20:59:00,41.808
2025-02-02 21:04:00,40.751999999999995
2025-02-02 21:09:00,46.31399999999999
2025-02-02 21:14:00,38.99
2025-02-02 21:19:00,41.666000000000004
2025-02-02 21:24:00,39.39
2025-02-02 21:29:00,40.812
2025-02-02 21:34:00,42.20399999999999
2025-02-02 21:39:00,44.95399999999999
2025-02-02 21:44:00,41.55
2025-02-02 21:49:00,42.09
2025-02-02 21:54:00,42.178000000000004
2025-02-02 21:59:00,43.24
2025-02-02 22:04:00,38.27
2025-02-02 22:09:00,42.206
2025-02-02 22:14:00,44.15600000000001
2025-02-02 22:19:00,41.332
2025-02-02 22:24:00,42.276
2025-02-02 22:29:00,41.15
2025-02-02 22:34:00,41.648
2025-02-02 22:39:00,41.298
2025-02-02 22:44:00,38.616
2025-02-02 22:49:00,41.15
2025-02-02 22:54:00,44.718
2025-02-02 22:59:00,41.924
2025-02-02 23:04:00,42.042
2025-02-02 23:09:00,42.536
2025-02-02 23:14:00,45.163999999999994
2025-02-02 23:19:00,39.141999999999996
2025-02-02 23:24:00,41.0
2025-02-02 23:29:00,40.576
2025-02-02 23:34:00,44.233999999999995
2025-02-02 23:39:00,42.816
2025-02-02 23:44:00,41.31399999999999
2025-02-02 23:49:00,40.156
2025-02-02 23:54:00,45.684
2025-02-02 23:59:00,39.508
2025-02-03 00:04:00,42.36
2025-02-03 00:09:00,46.882
2025-02-03 00:14:00,40.188
2025-02-03 00:19:00,40.576
2025-02-03 00:24:00,41.924
2025-02-03 00:29:00,40.68
2025-02-03 00:34:00,39.152
2025-02-03 00:39:00,45.0
2025-02-03 00:44:00,38.898
2025-02-03 00:49:00,41.69
2025-02-03 00:54:00,43.56800000000001
2025-02-03 00:59:00,42.23
2025-02-03 01:04:00,42.3
2025-02-03 01:09:00,44.328
2025-02-03 01:14:00,40.172
2025-02-03 01:19:00,41.292
2025-02-03 01:24:00,44.812
2025-02-03 01:29:00,43.17
2025-02-03 01:34:00,42.7
2025-02-03 01:39:00,45.716
2025-02-03 01:44:00,39.202
2025-02-03 01:49:00,41.571999999999996
2025-02-03 01:54:00,44.163999999999994
2025-02-03 01:59:00,40.798
2025-02-03 02:04:00,42.066
2025-02-03 02:09:00,43.708
2025-02-03 02:14:00,41.22
2025-02-03 02:19:00,41.394
2025-02-03 02:24:00,41.996
2025-02-03 02:29:00,40.102
2025-02-03 02:34:00,42.37
2025-02-03 02:39:00,38.858000000000004
2025-02-03 02:44:00,42.16
2025-02-03 02:49:00,41.422
2025-02-03 02:54:00,43.146
2025-02-03 02:59:00,40.54
2025-02-03 03:04:00,43.988
2025-02-03 03:09:00,41.12600000000001
2025-02-03 03:14:00,40.868
2025-02-03 03:19:00,46.478
2025-02-03 03:24:00,41.76
2025-02-03 03:29:00,43.538000000000004
2025-02-03 03:34:00,44.013999999999996
2025-02-03 03:39:00,44.40600000000001
2025-02-03 03:44:00,38.25
2025-02-03 03:49:00,41.022
2025-02-03 03:54:00,43.926
2025-02-03 03:59:00,39.578
2025-02-03 04:04:00,43.63800000000001
2025-02-03 04:09:00,44.578
2025-02-03 04:14:00,38.92
2025-02-03 04:19:00,40.538000000000004
2025-02-03 04:24:00,43.49800000000001
2025-02-03 04:29:00,39.468
2025-02-03 04:34:00,39.366
2025-02-03 04:39:00,42.49800000000001
2025-02-03 04:44:00,38.826
2025-02-03 04:49:00,41.181999999999995
2025-02-03 04:54:00,42.86600000000001
2025-02-03 04:59:00,40.931999999999995
2025-02-03 05:04:00,42.538000000000004
2025-02-03 05:09:00,47.37
2025-02-03 05:14:00,38.81
2025-02-03 05:19:00,45.114
2025-02-03 05:24:00,45.438
2025-02-03 05:29:00,42.864
2025-02-03 05:34:00,44.738
2025-02-03 05:39:00,46.43
2025-02-03 05:44:00,41.028
2025-02-03 05:49:00,40.361999999999995
2025-02-03 05:54:00,46.26600000000001
2025-02-03 05:59:00,39.342
2025-02-03 06:04:00,44.24800000000001
2025-02-03 06:09:00,42.63
2025-02-03 06:14:00,42.77
2025-02-03 06:19:00,43.943999999999996
2025-02-03 06:24:00,40.774
2025-02-03 06:29:00,43.728
2025-02-03 06:34:00,48.756
2025-02-03 06:39:00,41.29
2025-02-03 06:44:00,41.571999999999996
2025-02-03 06:49:00,42.262
2025-02-03 06:54:00,45.6
2025-02-03 06:59:00,41.15
2025-02-03 07:04:00,44.302
2025-02-03 07:09:00,41.972
2025-02-03 07:14:00,42.324
2025-02-03 07:19:00,43.028
2025-02-03 07:24:00,44.648
2025-02-03 07:29:00,43.403999999999996
2025-02-03 07:34:00,38.052
2025-02-03 07:39:00,41.338
2025-02-03 07:44:00,40.602
2025-02-03 07:49:00,40.61
2025-02-03 07:54:00,42.18
2025-02-03 07:59:00,40.446
2025-02-03 08:04:00,45.188
2025-02-03 08:09:00,44.132
2025-02-03 08:14:00,41.644
2025-02-03 08:19:00,39.24800000000001
2025-02-03 08:24:00,42.042
2025-02-03 08:29:00,40.364000000000004
2025-02-03 08:34:00,42.181999999999995
2025-02-03 08:39:00,38.79
2025-02-03 08:44:00,42.04
2025-02-03 08:49:00,43.38
2025-02-03 08:54:00,41.08
2025-02-03 08:59:00,40.68
2025-02-03 09:04:00,41.878
2025-02-03 09:09:00,46.488
2025-02-03 09:14:00,38.028
2025-02-03 09:19:00,40.916
2025-02-03 09:24:00,40.821999999999996
2025-02-03 09:29:00,41.864
2025-02-03 09:34:00,41.456
2025-02-03 09:39:00,44.803999999999995
2025-02-03 09:44:00,38.99
2025-02-03 09:49:00,40.57
2025-02-03 09:54:00,45.163999999999994
2025-02-03 09:59:00,38.316
2025-02-03 10:04:00,42.111999999999995
2025-02-03 10:09:00,42.488
2025-02-03 10:14:00,38.592
2025-02-03 10:19:00,40.492
2025-02-03 10:24:00,41.74800000000001
2025-02-03 10:29:00,43.286
2025-02-03 10:34:00,41.69
2025-02-03 10:39:00,45.702
2025-02-03 10:44:00,38.85
2025-02-03 10:49:00,38.592
2025-02-03 10:54:00,42.066
2025-02-03 10:59:00,43.093999999999994
2025-02-03 11:04:00,40.442
2025-02-03 11:09:00,45.282
2025-02-03 11:14:00,38.826
2025-02-03 11:19:00,41.948
2025-02-03 11:24:00,37.746
2025-02-03 11:29:00,40.282
2025-02-03 11:34:00,43.98
2025-02-03 11:39:00,43.176
2025-02-03 11:44:00,38.99800000000001
2025-02-03 11:49:00,43.146
2025-02-03 11:54:00,42.816
2025-02-03 11:59:00,40.47
2025-02-03 12:04:00,43.192
2025-02-03 12:09:00,41.666000000000004
2025-02-03 12:14:00,38.756
2025-02-03 12:19:00,40.22
2025-02-03 12:24:00,40.564
2025-02-03 12:29:00,41.62
2025-02-03 12:34:00,39.108000000000004
2025-02-03 12:39:00,42.018
2025-02-03 12:44:00,38.49800000000001
2025-02-03 12:49:00,43.04600000000001
2025-02-03 12:54:00,39.954
2025-02-03 12:59:00,43.226000000000006
2025-02-03 13:04:00,42.348
2025-02-03 13:09:00,41.456
2025-02-03 13:14:00,39.508
2025-02-03 13:19:00,41.032
2025-02-03 13:24:00,40.634
2025-02-03 13:29:00,41.994
2025-02-03 13:34:00,45.798
2025-02-03 13:39:00,39.624
2025-02-03 13:44:00,42.37600000000001
2025-02-03 13:49:00,40.634
2025-02-03 13:54:00,41.31399999999999
2025-02-03 13:59:00,40.634
2025-02-03 14:04:00,42.84
2025-02-03 14:09:00,40.306
2025-02-03 14:14:00,40.564
2025-02-03 14:19:00,40.704
2025-02-03 14:24:00,42.16
2025-02-03 14:29:00,39.264
2025-02-03 14:34:00,44.178000000000004
2025-02-03 14:39:00,38.494
2025-02-03 14:44:00,41.961999999999996
2025-02-03 14:49:00,40.586
2025-02-03 14:54:00,43.732
2025-02-03 14:59:00,39.32
2025-02-03 15:04:00,42.556000000000004
2025-02-03 15:09:00,40.821999999999996
2025-02-03 15:14:00,43.403999999999996
2025-02-03 15:19:00,43.333999999999996
2025-02-03 15:24:00,42.02
2025-02-03 15:29:00,39.414
2025-02-03 15:34:00,42.736000000000004
2025-02-03 15:39:00,42.19600000000001
2025-02-03 15:44:00,38.99
2025-02-03 15:49:00,40.821999999999996
2025-02-03 15:54:00,42.324
2025-02-03 15:59:00,40.592
2025-02-03 16:04:00,42.846000000000004
2025-02-03 16:09:00,46.784
2025-02-03 16:14:00,36.784
2025-02-03 16:19:00,40.936
2025-02-03 16:24:00,41.832
2025-02-03 16:29:00,43.672
2025-02-03 16:34:00,39.08
2025-02-03 16:39:00,41.582
2025-02-03 16:44:00,39.442
2025-02-03 16:49:00,42.018
2025-02-03 16:54:00,40.736
2025-02-03 16:59:00,42.394
2025-02-03 17:04:00,40.04
2025-02-03 17:09:00,44.373999999999995
2025-02-03 17:14:00,41.803999999999995
2025-02-03 17:19:00,39.236
2025-02-03 17:24:00,40.446
2025-02-03 17:29:00,42.442
2025-02-03 17:34:00,40.452
2025-02-03 17:39:00,45.418
2025-02-03 17:44:00,38.076
2025-02-03 17:49:00,40.798
2025-02-03 17:54:00,43.602
2025-02-03 17:59:00,39.574
2025-02-03 18:04:00,40.69
2025-02-03 18:09:00,43.968
2025-02-03 18:14:00,41.198
2025-02-03 18:19:00,43.15
2025-02-03 18:24:00,42.23
2025-02-03 18:29:00,44.56
2025-02-03 18:34:00,40.422
2025-02-03 18:39:00,41.01
2025-02-03 18:44:00,38.544000000000004
2025-02-03 18:49:00,40.438
2025-02-03 18:54:00,42.29
2025-02-03 18:59:00,40.576
2025-02-03 19:04:00,41.262
2025-02-03 19:09:00,44.15600000000001
2025-02-03 19:14:00,42.724
2025-02-03 19:19:00,36.73
2025-02-03 19:24:00,45.47
2025-02-03 19:29:00,38.56800000000001
2025-02-03 19:34:00,44.062
2025-02-03 19:39:00,41.552
2025-02-03 19:44:00,41.256
2025-02-03 19:49:00,43.544
2025-02-03 19:54:00,42.816
2025-02-03 19:59:00,42.91
2025-02-03 20:04:00,41.15
2025-02-03 20:09:00,40.846
2025-02-03 20:14:00,42.211999999999996
2025-02-03 20:19:00,41.808
2025-02-03 20:24:00,43.192
2025-02-03 20:29:00,41.738
2025-02-03 20:34:00,38.934
2025-02-03 20:39:00,40.816
2025-02-03 20:44:00,40.542
2025-02-03 20:49:00,43.48
2025-02-03 20:54:00,42.02
2025-02-03 20:59:00,43.33600000000001
2025-02-03 21:04:00,37.5
2025-02-03 21:09:00,42.456
2025-02-03 21:14:00,40.64
2025-02-03 21:19:00,42.418
2025-02-03 21:24:00,42.20399999999999
2025-02-03 21:29:00,42.35
2025-02-03 21:34:00,42.136
2025-02-03 21:39:00,40.14
2025-02-03 21:44:00,39.742
2025-02-03 21:49:00,40.63800000000001
2025-02-03 21:54:00,42.488
2025-02-03 21:59:00,39.28
2025-02-03 22:04:00,31.381999999999998
2025-02-03 22:09:00,34.85
2025-02-03 22:14:00,34.594
2025-02-03 22:19:00,38.286
2025-02-03 22:24:00,32.794000000000004
2025-02-03 22:29:00,31.408
2025-02-03 22:34:00,33.251999999999995
2025-02-03 22:39:00,33.364000000000004
2025-02-03 22:44:00,33.268
2025-02-03 22:49:00,34.226
2025-02-03 22:54:00,36.666
2025-02-03 22:59:00,36.566
2025-02-03 23:04:00,30.634
2025-02-03 23:09:00,35.728
2025-02-03 23:14:00,35.025999999999996
2025-02-03 23:19:00,36.292
2025-02-03 23:24:00,30.09800000000001
2025-02-03 23:29:00,33.346
2025-02-03 23:34:00,33.334
2025-02-03 23:39:00,33.874
2025-02-03 23:44:00,37.982
2025-02-03 23:49:00,28.616
2025-02-03 23:54:00,36.198
2025-02-03 23:59:00,32.296
2025-02-04 00:04:00,36.266
2025-02-04 00:09:00,34.742
2025-02-04 00:14:00,35.516
2025-02-04 00:19:00,31.41
2025-02-04 00:24:00,35.868
2025-02-04 00:29:00,32.888000000000005
2025-02-04 00:34:00,33.45
2025-02-04 00:39:00,33.122
2025-02-04 00:44:00,33.356
2025-02-04 00:49:00,35.0
2025-02-04 00:54:00,32.888000000000005
2025-02-04 00:59:00,33.258
2025-02-04 01:04:00,34.87
2025-02-04 01:09:00,37.536
2025-02-04 01:14:00,32.534
2025-02-04 01:19:00,33.216
2025-02-04 01:24:00,37.834
2025-02-04 01:29:00,25.25800000000001
2025-02-04 01:34:00,2.7
2025-02-04 01:39:00,2.6060000000000003
2025-02-04 01:44:00,2.77
2025-02-04 01:49:00,2.5980000000000003
2025-02-04 01:54:00,4.352
2025-02-04 01:59:00,2.77
2025-02-04 02:04:00,2.722
2025-02-04 02:09:00,4.132
2025-02-04 02:14:00,2.7
2025-02-04 02:19:00,2.676
2025-02-04 02:24:00,2.7939999999999996
2025-02-04 02:29:00,2.582
2025-02-04 02:34:00,2.676
2025-02-04 02:39:00,2.512
2025-02-04 02:44:00,2.7239999999999998
2025-02-04 02:49:00,2.676
2025-02-04 02:54:00,4.414
2025-02-04 02:59:00,2.84
2025-02-04 03:04:00,2.912
2025-02-04 03:09:00,6.22
2025-02-04 03:14:00,2.7239999999999998
2025-02-04 03:19:00,2.8160000000000003
2025-02-04 03:24:00,2.6060000000000003
2025-02-04 03:29:00,2.7239999999999998
2025-02-04 03:34:00,2.6060000000000003
2025-02-04 03:39:00,2.7
2025-02-04 03:44:00,2.7239999999999998
2025-02-04 03:49:00,2.596
2025-02-04 03:54:00,4.352
2025-02-04 03:59:00,2.77
2025-02-04 04:04:00,2.8160000000000003
2025-02-04 04:09:00,4.038
2025-02-04 04:14:00,2.7939999999999996
2025-02-04 04:19:00,2.7239999999999998
2025-02-04 04:24:00,2.722
2025-02-04 04:29:00,2.7680000000000002
2025-02-04 04:34:00,2.77
2025-02-04 04:39:00,2.6060000000000003
2025-02-04 04:44:00,2.668
2025-02-04 04:49:00,2.662
2025-02-04 04:54:00,4.4
2025-02-04 04:59:00,2.7560000000000002
2025-02-04 05:04:00,2.84
2025-02-04 05:09:00,4.342
2025-02-04 05:14:00,2.7460000000000004
2025-02-04 05:19:00,2.6060000000000003
2025-02-04 05:24:00,2.63
2025-02-04 05:29:00,2.8160000000000003
2025-02-04 05:34:00,2.6439999999999997
2025-02-04 05:39:00,2.734
2025-02-04 05:44:00,2.7
2025-02-04 05:49:00,2.7
2025-02-04 05:54:00,4.414
2025-02-04 05:59:00,2.6519999999999997
2025-02-04 06:04:00,2.888
2025-02-04 06:09:00,4.084
2025-02-04 06:14:00,2.7460000000000004
2025-02-04 06:19:00,2.6519999999999997
2025-02-04 06:24:00,2.63
2025-02-04 06:29:00,2.6519999999999997
2025-02-04 06:34:00,2.5580000000000003
2025-02-04 06:39:00,2.7
2025-02-04 06:44:00,2.7939999999999996
2025-02-04 06:49:00,2.464
2025-02-04 06:54:00,4.188
2025-02-04 06:59:00,2.71
2025-02-04 07:04:00,2.792
2025-02-04 07:09:00,4.388
2025-02-04 07:14:00,2.77
2025-02-04 07:19:00,2.852
2025-02-04 07:24:00,2.7
2025-02-04 07:29:00,2.888
2025-02-04 07:34:00,2.7460000000000004
2025-02-04 07:39:00,2.676
2025-02-04 07:44:00,2.84
2025-02-04 07:49:00,2.77
2025-02-04 07:54:00,4.46
2025-02-04 07:59:00,2.958
2025-02-04 08:04:00,2.9819999999999998
2025-02-04 08:09:00,4.32
2025-02-04 08:14:00,3.1260000000000003
2025-02-04 08:19:00,2.7239999999999998
2025-02-04 08:24:00,2.7939999999999996
2025-02-04 08:29:00,2.6060000000000003
2025-02-04 08:34:00,2.55
2025-02-04 08:39:00,2.568
2025-02-04 08:44:00,2.84
2025-02-04 08:49:00,2.6060000000000003
2025-02-04 08:54:00,4.32
2025-02-04 08:59:00,2.77
2025-02-04 09:04:00,2.9819999999999998
2025-02-04 09:09:00,4.39
2025-02-04 09:14:00,3.556
2025-02-04 09:19:00,3.3819999999999997
2025-02-04 09:24:00,3.486
2025-02-04 09:29:00,3.568
2025-02-04 09:34:00,3.38
2025-02-04 09:39:00,3.122
2025-02-04 09:44:00,3.3560000000000003
2025-02-04 09:49:00,3.5439999999999996
2025-02-04 09:54:00,5.234
2025-02-04 09:59:00,3.51
2025-02-04 10:04:00,3.512
2025-02-04 10:09:00,5.046
2025-02-04 10:14:00,3.6860000000000004
2025-02-04 10:19:00,3.522
2025-02-04 10:24:00,3.804
2025-02-04 10:29:00,3.802
2025-02-04 10:34:00,3.946
2025-02-04 10:39:00,3.78
2025-02-04 10:44:00,3.968
2025-02-04 10:49:00,3.742
2025-02-04 10:54:00,5.916
2025-02-04 10:59:00,3.6860000000000004
2025-02-04 11:04:00,3.568
2025-02-04 11:09:00,5.2120000000000015
2025-02-04 11:14:00,3.498
2025-02-04 11:19:00,3.262
2025-02-04 11:24:00,3.286
2025-02-04 11:29:00,3.85
2025-02-04 11:34:00,3.92
2025-02-04 11:39:00,3.592
2025-02-04 11:44:00,3.404
2025-02-04 11:49:00,3.1919999999999997
2025-02-04 11:54:00,5.093999999999999
2025-02-04 11:59:00,3.3339999999999996
2025-02-04 12:04:00,3.616
2025-02-04 12:09:00,5.376
2025-02-04 12:14:00,3.5439999999999996
2025-02-04 12:19:00,3.592
2025-02-04 12:24:00,3.24
2025-02-04 12:29:00,3.38
2025-02-04 12:34:00,2.7239999999999998
2025-02-04 12:39:00,2.7460000000000004
2025-02-04 12:44:00,2.676
2025-02-04 12:49:00,2.582
2025-02-04 12:54:00,4.954
2025-02-04 12:59:00,3.332
2025-02-04 13:04:00,3.428
2025-02-04 13:09:00,4.954
2025-02-04 13:14:00,3.38
2025-02-04 13:19:00,3.45
2025-02-04 13:24:00,3.1919999999999997
2025-02-04 13:29:00,3.3339999999999996
2025-02-04 13:34:00,3.122
2025-02-04 13:39:00,3.1460000000000004
2025-02-04 13:44:00,3.404
2025-02-04 13:49:00,2.9339999999999997
2025-02-04 13:54:00,5.188
2025-02-04 13:59:00,3.45
2025-02-04 14:04:00,2.7239999999999998
2025-02-04 14:09:00,4.32
2025-02-04 14:14:00,3.5439999999999996
2025-02-04 14:19:00,3.1919999999999997
2025-02-04 14:24:00,3.216
2025-02-04 14:29:00,3.522
2025-02-04 14:34:00,2.7
2025-02-04 14:39:00,3.498
2025-02-04 14:44:00,3.522
2025-02-04 14:49:00,3.216
2025-02-04 14:54:00,4.812
2025-02-04 14:59:00,2.7939999999999996
2025-02-04 15:04:00,2.958
2025-02-04 15:09:00,4.132
2025-02-04 15:14:00,2.7680000000000002
2025-02-04 15:19:00,2.63
2025-02-04 15:24:00,2.6060000000000003
2025-02-04 15:29:00,2.536
2025-02-04 15:34:00,2.6060000000000003
2025-02-04 15:39:00,2.6919999999999997
2025-02-04 15:44:00,2.568
2025-02-04 15:49:00,56.854
2025-02-04 15:54:00,38.874
2025-02-04 15:59:00,34.202
2025-02-04 16:04:00,35.961999999999996
2025-02-04 16:09:00,34.46
2025-02-04 16:14:00,32.726
2025-02-04 16:19:00,35.0
2025-02-04 16:24:00,31.08
2025-02-04 16:29:00,34.32
2025-02-04 16:34:00,34.084
2025-02-04 16:39:00,31.268
2025-02-04 16:44:00,33.18
2025-02-04 16:49:00,35.046
2025-02-04 16:54:00,32.91
2025-02-04 16:59:00,32.808
2025-02-04 17:04:00,34.366
2025-02-04 17:09:00,36.476
2025-02-04 17:14:00,34.084
2025-02-04 17:19:00,33.004
2025-02-04 17:24:00,35.211999999999996
2025-02-04 17:29:00,30.58
2025-02-04 17:34:00,33.498000000000005
2025-02-04 17:39:00,35.62
2025-02-04 17:44:00,32.84
2025-02-04 17:49:00,32.37
2025-02-04 17:54:00,35.192
2025-02-04 17:59:00,34.632
2025-02-04 18:04:00,35.938
2025-02-04 18:09:00,36.738
2025-02-04 18:14:00,34.062
2025-02-04 18:19:00,31.971999999999998
2025-02-04 18:24:00,32.018
2025-02-04 18:29:00,33.146
2025-02-04 18:34:00,35.821999999999996
2025-02-04 18:39:00,35.376
2025-02-04 18:44:00,31.644000000000002
2025-02-04 18:49:00,33.122
2025-02-04 18:54:00,35.262
2025-02-04 18:59:00,38.31
2025-02-04 19:04:00,31.15
2025-02-04 19:09:00,36.672
2025-02-04 19:14:00,31.524
2025-02-04 19:19:00,33.356
2025-02-04 19:24:00,33.474000000000004
2025-02-04 19:29:00,33.344
2025-02-04 19:34:00,36.032
2025-02-04 19:39:00,36.086
2025-02-04 19:44:00,34.59
2025-02-04 19:49:00,30.564
2025-02-04 19:54:00,36.244
2025-02-04 19:59:00,34.972
2025-02-04 20:04:00,33.192
2025-02-04 20:09:00,37.864000000000004
2025-02-04 20:14:00,30.218000000000004
2025-02-04 20:19:00,33.216
2025-02-04 20:24:00,33.098
2025-02-04 20:29:00,35.732
2025-02-04 20:34:00,32.442
2025-02-04 20:39:00,32.512
2025-02-04 20:44:00,32.016
2025-02-04 20:49:00,33.554
2025-02-04 20:54:00,35.4
2025-02-04 20:59:00,33.13
2025-02-04 21:04:00,33.38
2025-02-04 21:09:00,36.554
2025-02-04 21:14:00,35.211999999999996
2025-02-04 21:19:00,32.218
2025-02-04 21:24:00,34.596
2025-02-04 21:29:00,31.984
2025-02-04 21:34:00,33.722
2025-02-04 21:39:00,35.54
2025-02-04 21:44:00,31.448
2025-02-04 21:49:00,33.284
2025-02-04 21:54:00,34.882
2025-02-04 21:59:00,33.522
2025-02-04 22:04:00,33.198
2025-02-04 22:09:00,36.268
2025-02-04 22:14:00,36.431999999999995
2025-02-04 22:19:00,31.268
2025-02-04 22:24:00,33.052
2025-02-04 22:29:00,33.082
2025-02-04 22:34:00,32.91
2025-02-04 22:39:00,35.22
2025-02-04 22:44:00,32.65
2025-02-04 22:49:00,33.802
2025-02-04 22:54:00,32.746
2025-02-04 22:59:00,33.24
2025-02-04 23:04:00,33.262
2025-02-04 23:09:00,36.62
2025-02-04 23:14:00,34.01
2025-02-04 23:19:00,34.766
2025-02-04 23:24:00,34.976
2025-02-04 23:29:00,33.498000000000005
2025-02-04 23:34:00,35.774
2025-02-04 23:39:00,34.906
2025-02-04 23:44:00,30.986
2025-02-04 23:49:00,36.15
2025-02-04 23:54:00,35.42800000000001
2025-02-04 23:59:00,37.394
2025-02-05 00:04:00,35.046
2025-02-05 00:09:00,39.644
2025-02-05 00:14:00,31.738000000000003
2025-02-05 00:19:00,33.472
2025-02-05 00:24:00,33.356
2025-02-05 00:29:00,35.798
2025-02-05 00:34:00,30.564
2025-02-05 00:39:00,37.394
2025-02-05 00:44:00,34.014
2025-02-05 00:49:00,31.314
2025-02-05 00:54:00,34.882
2025-02-05 00:59:00,33.404
2025-02-05 01:04:00,35.306
2025-02-05 01:09:00,35.492
2025-02-05 01:14:00,36.361999999999995
2025-02-05 01:19:00,30.506
2025-02-05 01:24:00,33.216
2025-02-05 01:29:00,35.986
2025-02-05 01:34:00,36.784
2025-02-05 01:39:00,31.186
2025-02-05 01:44:00,33.952
2025-02-05 01:49:00,33.85
2025-02-05 01:54:00,35.61
2025-02-05 01:59:00,34.16
2025-02-05 02:04:00,38.896
2025-02-05 02:09:00,32.418
2025-02-05 02:14:00,35.211999999999996
2025-02-05 02:19:00,32.746
2025-02-05 02:24:00,32.16
2025-02-05 02:29:00,33.616
2025-02-05 02:34:00,33.474000000000004
2025-02-05 02:39:00,35.54400000000001
2025-02-05 02:44:00,31.62
2025-02-05 02:49:00,36.384
2025-02-05 02:54:00,34.484
2025-02-05 02:59:00,36.22
2025-02-05 03:04:00,33.428000000000004
2025-02-05 03:09:00,39.132
2025-02-05 03:14:00,31.526
2025-02-05 03:19:00,33.262
2025-02-05 03:24:00,33.45
2025-02-05 03:29:00,33.65
2025-02-05 03:34:00,39.554
2025-02-05 03:39:00,30.055999999999997
2025-02-05 03:44:00,35.938
2025-02-05 03:49:00,31.502
2025-02-05 03:54:00,35.525999999999996
2025-02-05 03:59:00,33.616
2025-02-05 04:04:00,33.826
2025-02-05 04:09:00,38.31
2025-02-05 04:14:00,38.278
2025-02-05 04:19:00,35.868
2025-02-05 04:24:00,31.268
2025-02-05 04:29:00,33.968
2025-02-05 04:34:00,33.68
2025-02-05 04:39:00,33.356
2025-02-05 04:44:00,35.066
2025-02-05 04:49:00,31.342
2025-02-05 04:54:00,36.268
2025-02-05 04:59:00,32.536
2025-02-05 05:04:00,33.028
2025-02-05 05:09:00,38.616
2025-02-05 05:14:00,32.404
2025-02-05 05:19:00,35.164
2025-02-05 05:24:00,31.408
2025-02-05 05:29:00,34.624
2025-02-05 05:34:00,32.3
2025-02-05 05:39:00,34.988
2025-02-05 05:44:00,35.284
2025-02-05 05:49:00,33.356
2025-02-05 05:54:00,36.878
2025-02-05 05:59:00,31.41
2025-02-05 06:04:00,36.596
2025-02-05 06:09:00,31.714000000000002
2025-02-05 06:14:00,33.234
2025-02-05 06:19:00,33.098
2025-02-05 06:24:00,36.644
2025-02-05 06:29:00,32.464
2025-02-05 06:34:00,33.24
2025-02-05 06:39:00,34.414
2025-02-05 06:44:00,32.348
2025-02-05 06:49:00,35.68
2025-02-05 06:54:00,35.44
2025-02-05 06:59:00,34.062
2025-02-05 07:04:00,33.216
2025-02-05 07:09:00,34.972
2025-02-05 07:14:00,34.672
2025-02-05 07:19:00,31.83
2025-02-05 07:24:00,35.17
2025-02-05 07:29:00,31.478
2025-02-05 07:34:00,36.21
2025-02-05 07:39:00,36.854
2025-02-05 07:44:00,31.15
2025-02-05 07:49:00,34.436
2025-02-05 07:54:00,33.874
2025-02-05 07:59:00,35.07
2025-02-05 08:04:00,34.006
2025-02-05 08:09:00,36.566
2025-02-05 08:14:00,34.882
2025-02-05 08:19:00,33.254
2025-02-05 08:24:00,38.896
2025-02-05 08:29:00,27.676
2025-02-05 08:34:00,33.344
2025-02-05 08:39:00,33.286
2025-02-05 08:44:00,33.424
2025-02-05 08:49:00,33.24
2025-02-05 08:54:00,36.948
2025-02-05 08:59:00,36.582
2025-02-05 09:04:00,33.604
2025-02-05 09:09:00,37.652
2025-02-05 09:14:00,31.031999999999996
2025-02-05 09:19:00,33.31
2025-02-05 09:24:00,35.188
2025-02-05 09:29:00,31.456
2025-02-05 09:34:00,34.906
2025-02-05 09:39:00,32.442
2025-02-05 09:44:00,33.732
2025-02-05 09:49:00,35.916
2025-02-05 09:54:00,39.578
2025-02-05 09:59:00,31.61
2025-02-05 10:04:00,33.312
2025-02-05 10:09:00,34.93
2025-02-05 10:14:00,35.891999999999996
2025-02-05 10:19:00,34.972
2025-02-05 10:24:00,37.864000000000004
2025-02-05 10:29:00,31.302
2025-02-05 10:34:00,33.482
2025-02-05 10:39:00,35.938
2025-02-05 10:44:00,30.634
2025-02-05 10:49:00,33.111999999999995
2025-02-05 10:54:00,36.461999999999996
2025-02-05 10:59:00,33.686
2025-02-05 11:04:00,31.338
2025-02-05 11:09:00,37.816
2025-02-05 11:14:00,33.358000000000004
2025-02-05 11:19:00,33.076
2025-02-05 11:24:00,34.226
2025-02-05 11:29:00,35.352
2025-02-05 11:34:00,30.421999999999997
2025-02-05 11:39:00,33.896
2025-02-05 11:44:00,33.616
2025-02-05 11:49:00,33.356
2025-02-05 11:54:00,34.976
2025-02-05 11:59:00,33.262
2025-02-05 12:04:00,35.238
2025-02-05 12:09:00,33.506
2025-02-05 12:14:00,36.08
2025-02-05 12:19:00,30.164
2025-02-05 12:24:00,35.961999999999996
2025-02-05 12:29:00,33.31
2025-02-05 12:34:00,35.14
2025-02-05 12:39:00,31.644000000000002
2025-02-05 12:44:00,33.592
2025-02-05 12:49:00,34.224000000000004
2025-02-05 12:54:00,33.732
2025-02-05 12:59:00,35.0
2025-02-05 13:04:00,33.912
2025-02-05 13:09:00,33.376
2025-02-05 13:14:00,33.404
2025-02-05 13:19:00,34.53
2025-02-05 13:24:00,37.148
2025-02-05 13:29:00,33.568000000000005
2025-02-05 13:34:00,35.564
2025-02-05 13:39:00,32.078
2025-02-05 13:44:00,35.14
2025-02-05 13:49:00,32.218
2025-02-05 13:54:00,35.164
2025-02-05 13:59:00,36.455999999999996
2025-02-05 14:04:00,30.25800000000001
2025-02-05 14:09:00,34.554
2025-02-05 14:14:00,33.251999999999995
2025-02-05 14:19:00,37.196
2025-02-05 14:24:00,33.146
2025-02-05 14:29:00,35.168
2025-02-05 14:34:00,34.068000000000005
2025-02-05 14:39:00,30.491999999999997
2025-02-05 14:44:00,33.474000000000004
2025-02-05 14:49:00,35.83
2025-02-05 14:54:00,36.41
2025-02-05 14:59:00,36.174
2025-02-05 15:04:00,38.028
2025-02-05 15:09:00,35.914
2025-02-05 15:14:00,32.205999999999996
2025-02-05 15:19:00,35.868
2025-02-05 15:24:00,30.68
2025-02-05 15:29:00,33.65
2025-02-05 15:34:00,35.59
2025-02-05 15:39:00,34.672
2025-02-05 15:44:00,35.094
2025-02-05 15:49:00,32.238
2025-02-05 15:54:00,35.124
2025-02-05 15:59:00,33.374
2025-02-05 16:04:00,36.83
2025-02-05 16:09:00,31.244
2025-02-05 16:14:00,36.192
2025-02-05 16:19:00,34.63
2025-02-05 16:24:00,31.971999999999998
2025-02-05 16:29:00,35.14
2025-02-05 16:34:00,31.78
2025-02-05 16:39:00,33.004
2025-02-05 16:44:00,33.522
2025-02-05 16:49:00,35.806
2025-02-05 16:54:00,33.814
2025-02-05 16:59:00,34.226
2025-02-05 17:04:00,31.502
2025-02-05 17:09:00,34.86
2025-02-05 17:14:00,34.93
2025-02-05 17:19:00,35.89
2025-02-05 17:24:00,33.464
2025-02-05 17:29:00,36.244
2025-02-05 17:34:00,30.464000000000002
2025-02-05 17:39:00,34.202
2025-02-05 17:44:00,33.78
2025-02-05 17:49:00,33.334
2025-02-05 17:54:00,35.046
2025-02-05 17:59:00,35.4
2025-02-05 18:04:00,33.076
2025-02-05 18:09:00,35.13
2025-02-05 18:14:00,34.896
2025-02-05 18:19:00,35.774
2025-02-05 18:24:00,33.826
2025-02-05 18:29:00,36.384
2025-02-05 18:34:00,32.794000000000004
2025-02-05 18:39:00,34.436
2025-02-05 18:44:00,31.974
2025-02-05 18:49:00,33.146
2025-02-05 18:54:00,36.056
2025-02-05 18:59:00,36.808
2025-02-05 19:04:00,33.99
2025-02-05 19:09:00,32.152
2025-02-05 19:14:00,34.742
2025-02-05 19:19:00,32.111999999999995
2025-02-05 19:24:00,33.292
2025-02-05 19:29:00,38.028
2025-02-05 19:34:00,33.146
2025-02-05 19:39:00,33.874
2025-02-05 19:44:00,34.132
2025-02-05 19:49:00,33.732
2025-02-05 19:54:00,35.844
2025-02-05 19:59:00,32.205999999999996
2025-02-05 20:04:00,35.306
2025-02-05 20:09:00,33.286
2025-02-05 20:14:00,33.286
2025-02-05 20:19:00,33.448
2025-02-05 20:24:00,33.286
2025-02-05 20:29:00,34.366
2025-02-05 20:34:00,35.306
2025-02-05 20:39:00,32.536
2025-02-05 20:44:00,33.568000000000005
2025-02-05 20:49:00,33.404
2025-02-05 20:54:00,35.0
2025-02-05 20:59:00,33.474000000000004
2025-02-05 21:04:00,36.338
2025-02-05 21:09:00,31.784000000000002
2025-02-05 21:14:00,33.64
2025-02-05 21:19:00,35.391999999999996
2025-02-05 21:24:00,31.198
2025-02-05 21:29:00,33.522
2025-02-05 21:34:00,33.498000000000005
2025-02-05 21:39:00,35.774
2025-02-05 21:44:00,33.262
2025-02-05 21:49:00,31.892
2025-02-05 21:54:00,35.234
2025-02-05 21:59:00,33.356
2025-02-05 22:04:00,33.568000000000005
2025-02-05 22:09:00,37.452
2025-02-05 22:14:00,33.498000000000005
2025-02-05 22:19:00,31.338
2025-02-05 22:24:00,37.176
2025-02-05 22:29:00,32.218
2025-02-05 22:34:00,33.334
2025-02-05 22:39:00,33.38
2025-02-05 22:44:00,35.54
2025-02-05 22:49:00,32.512
2025-02-05 22:54:00,36.972
2025-02-05 22:59:00,34.53
2025-02-05 23:04:00,32.388000000000005
2025-02-05 23:09:00,35.024
2025-02-05 23:14:00,35.42800000000001
2025-02-05 23:19:00,31.174
2025-02-05 23:24:00,34.812
2025-02-05 23:29:00,35.99800000000001
2025-02-05 23:34:00,33.878
2025-02-05 23:39:00,35.352
2025-02-05 23:44:00,34.554
2025-02-05 23:49:00,34.132
2025-02-05 23:54:00,32.63
2025-02-05 23:59:00,33.498000000000005
2025-02-06 00:04:00,33.45
2025-02-06 00:09:00,34.718
2025-02-06 00:14:00,35.282
2025-02-06 00:19:00,32.442
2025-02-06 00:24:00,32.348
2025-02-06 00:29:00,33.38
2025-02-06 00:34:00,35.891999999999996
2025-02-06 00:39:00,33.592
2025-02-06 00:44:00,35.306
2025-02-06 00:49:00,31.362
2025-02-06 00:54:00,36.361999999999995
2025-02-06 00:59:00,31.886
2025-02-06 01:04:00,34.635999999999996
2025-02-06 01:09:00,39.688
2025-02-06 01:14:00,32.244
2025-02-06 01:19:00,34.508
2025-02-06 01:24:00,34.016
2025-02-06 01:29:00,32.5
2025-02-06 01:34:00,34.108000000000004
2025-02-06 01:39:00,36.714
2025-02-06 01:44:00,32.3
2025-02-06 01:49:00,33.756
2025-02-06 01:54:00,35.564
2025-02-06 01:59:00,33.802
2025-02-06 02:04:00,36.86
2025-02-06 02:09:00,36.476
2025-02-06 02:14:00,31.572
2025-02-06 02:19:00,33.428000000000004
2025-02-06 02:24:00,33.461999999999996
2025-02-06 02:29:00,33.326
2025-02-06 02:34:00,33.146
2025-02-06 02:39:00,36.294000000000004
2025-02-06 02:44:00,29.976
2025-02-06 02:49:00,35.54
2025-02-06 02:54:00,34.444
2025-02-06 02:59:00,34.788000000000004
2025-02-06 03:04:00,34.718
2025-02-06 03:09:00,38.094
2025-02-06 03:14:00,32.84
2025-02-06 03:19:00,36.571999999999996
2025-02-06 03:24:00,32.288000000000004
2025-02-06 03:29:00,33.592
2025-02-06 03:34:00,35.646
2025-02-06 03:39:00,36.796
2025-02-06 03:44:00,33.31
2025-02-06 03:49:00,31.59
2025-02-06 03:54:00,36.596
2025-02-06 03:59:00,37.368
2025-02-06 04:04:00,33.821999999999996
2025-02-06 04:09:00,35.07
2025-02-06 04:14:00,35.422
2025-02-06 04:19:00,31.16
2025-02-06 04:24:00,33.288000000000004
2025-02-06 04:29:00,35.188
2025-02-06 04:34:00,32.488
2025-02-06 04:39:00,32.042
2025-02-06 04:44:00,35.352
2025-02-06 04:49:00,31.3
2025-02-06 04:54:00,34.976
2025-02-06 04:59:00,36.056
2025-02-06 05:04:00,33.638000000000005
2025-02-06 05:09:00,39.39
2025-02-06 05:14:00,31.866
2025-02-06 05:19:00,35.21
2025-02-06 05:24:00,31.612
2025-02-06 05:29:00,33.544000000000004
2025-02-06 05:34:00,33.628
2025-02-06 05:39:00,36.008
2025-02-06 05:44:00,33.076
2025-02-06 05:49:00,31.962
2025-02-06 05:54:00,36.361999999999995
2025-02-06 05:59:00,34.554
2025-02-06 06:04:00,33.522
2025-02-06 06:09:00,38.33
2025-02-06 06:14:00,36.08
2025-02-06 06:19:00,33.92
2025-02-06 06:24:00,31.996
2025-02-06 06:29:00,34.624
2025-02-06 06:34:00,34.272
2025-02-06 06:39:00,33.85
2025-02-06 06:44:00,35.894
2025-02-06 06:49:00,33.262
2025-02-06 06:54:00,39.062
2025-02-06 06:59:00,32.146
2025-02-06 07:04:00,31.91
2025-02-06 07:09:00,34.928000000000004
2025-02-06 07:14:00,37.63
2025-02-06 07:19:00,32.816
2025-02-06 07:24:00,33.544000000000004
2025-02-06 07:29:00,33.58
2025-02-06 07:34:00,35.53
2025-02-06 07:39:00,32.9
2025-02-06 07:44:00,36.69
2025-02-06 07:49:00,34.27
2025-02-06 07:54:00,36.15
2025-02-06 07:59:00,35.376
2025-02-06 08:04:00,33.99
2025-02-06 08:09:00,35.164
2025-02-06 08:14:00,35.118
2025-02-06 08:19:00,32.394
2025-02-06 08:24:00,35.47
2025-02-06 08:29:00,31.924
2025-02-06 08:34:00,36.338
2025-02-06 08:39:00,30.854
2025-02-06 08:44:00,35.25
2025-02-06 08:49:00,36.384
2025-02-06 08:54:00,35.891999999999996
2025-02-06 08:59:00,33.344
2025-02-06 09:04:00,35.958
2025-02-06 09:09:00,36.216
2025-02-06 09:14:00,34.048
2025-02-06 09:19:00,36.144
2025-02-06 09:24:00,32.652
2025-02-06 09:29:00,32.582
2025-02-06 09:34:00,33.944
2025-02-06 09:39:00,34.332
2025-02-06 09:44:00,35.542
2025-02-06 09:49:00,37.018
2025-02-06 09:54:00,33.474000000000004
2025-02-06 09:59:00,34.05
2025-02-06 10:04:00,37.676
2025-02-06 10:09:00,36.4
2025-02-06 10:14:00,33.896
2025-02-06 10:19:00,35.376
2025-02-06 10:24:00,31.264
2025-02-06 10:29:00,33.428000000000004
2025-02-06 10:34:00,33.19
2025-02-06 10:39:00,34.578
2025-02-06 10:44:00,34.854
2025-02-06 10:49:00,37.63
2025-02-06 10:54:00,30.445999999999998
2025-02-06 10:59:00,36.054
2025-02-06 11:04:00,34.672
2025-02-06 11:09:00,36.455999999999996
2025-02-06 11:14:00,34.73
2025-02-06 11:19:00,34.084
2025-02-06 11:24:00,31.471999999999998
2025-02-06 11:29:00,33.498000000000005
2025-02-06 11:34:00,36.314
2025-02-06 11:39:00,32.558
2025-02-06 11:44:00,35.188
2025-02-06 11:49:00,36.571999999999996
2025-02-06 11:54:00,31.971999999999998
2025-02-06 11:59:00,33.38
2025-02-06 12:04:00,33.638000000000005
2025-02-06 12:09:00,34.948
2025-02-06 12:14:00,33.262
2025-02-06 12:19:00,35.146
2025-02-06 12:24:00,35.258
2025-02-06 12:29:00,29.741999999999997
2025-02-06 12:34:00,33.498000000000005
2025-02-06 12:39:00,33.321999999999996
2025-02-06 12:44:00,36.384
2025-02-06 12:49:00,33.028
2025-02-06 12:54:00,37.042
2025-02-06 12:59:00,32.63
2025-02-06 13:04:00,32.09
2025-02-06 13:09:00,37.672
2025-02-06 13:14:00,30.938000000000002
2025-02-06 13:19:00,33.192
2025-02-06 13:24:00,33.286
2025-02-06 13:29:00,35.586
2025-02-06 13:34:00,35.634
2025-02-06 13:39:00,35.14
2025-02-06 13:44:00,33.756
2025-02-06 13:49:00,33.156
2025-02-06 13:54:00,35.118
2025-02-06 13:59:00,36.93
2025-02-06 14:04:00,30.0
2025-02-06 14:09:00,35.036
2025-02-06 14:14:00,34.718
2025-02-06 14:19:00,32.184
2025-02-06 14:24:00,35.821999999999996
2025-02-06 14:29:00,37.958
2025-02-06 14:34:00,31.464000000000002
2025-02-06 14:39:00,33.522
2025-02-06 14:44:00,33.39
2025-02-06 14:49:00,35.774
2025-02-06 14:54:00,33.718
2025-02-06 14:59:00,32.042
2025-02-06 15:04:00,35.306
2025-02-06 15:09:00,32.726
2025-02-06 15:14:00,33.544000000000004
2025-02-06 15:19:00,33.24
2025-02-06 15:24:00,35.961999999999996
2025-02-06 15:29:00,33.428000000000004
2025-02-06 15:34:00,36.571999999999996
2025-02-06 15:39:00,33.474000000000004
2025-02-06 15:44:00,31.031999999999996
2025-02-06 15:49:00,33.204
2025-02-06 15:54:00,36.314
2025-02-06 15:59:00,34.89
2025-02-06 16:04:00,35.62
2025-02-06 16:09:00,33.004
2025-02-06 16:14:00,34.694
2025-02-06 16:19:00,31.712
2025-02-06 16:24:00,33.122
2025-02-06 16:29:00,36.198
2025-02-06 16:34:00,32.436
2025-02-06 16:39:00,31.362
2025-02-06 16:44:00,33.428000000000004
2025-02-06 16:49:00,33.216
2025-02-06 16:54:00,36.15
2025-02-06 16:59:00,32.184
2025-02-06 17:04:00,33.58
2025-02-06 17:09:00,36.972
2025-02-06 17:14:00,31.596
2025-02-06 17:19:00,37.286
2025-02-06 17:24:00,31.901999999999997
2025-02-06 17:29:00,34.648
2025-02-06 17:34:00,32.418
2025-02-06 17:39:00,35.854
2025-02-06 17:44:00,31.854
2025-02-06 17:49:00,33.428000000000004
2025-02-06 17:54:00,35.146
2025-02-06 17:59:00,33.404
2025-02-06 18:04:00,34.906
2025-02-06 18:09:00,38.396
2025-02-06 18:14:00,28.92
2025-02-06 18:19:00,33.46
2025-02-06 18:24:00,33.686
2025-02-06 18:29:00,33.498000000000005
2025-02-06 18:34:00,35.75199999999999
2025-02-06 18:39:00,36.571999999999996
2025-02-06 18:44:00,30.206
2025-02-06 18:49:00,33.474000000000004
2025-02-06 18:54:00,37.632
2025-02-06 18:59:00,30.728
2025-02-06 19:04:00,33.568000000000005
2025-02-06 19:09:00,35.122
2025-02-06 19:14:00,35.211999999999996
2025-02-06 19:19:00,32.582
2025-02-06 19:24:00,32.184
2025-02-06 19:29:00,33.498000000000005
2025-02-06 19:34:00,36.501999999999995
2025-02-06 19:39:00,33.96
2025-02-06 19:44:00,36.244
2025-02-06 19:49:00,32.888000000000005
2025-02-06 19:54:00,32.536
2025-02-06 19:59:00,34.836
2025-02-06 20:04:00,32.076
2025-02-06 20:09:00,35.118
2025-02-06 20:14:00,34.806
2025-02-06 20:19:00,37.84
2025-02-06 20:24:00,31.388
2025-02-06 20:29:00,33.391999999999996
2025-02-06 20:34:00,34.86
2025-02-06 20:39:00,31.634
2025-02-06 20:44:00,33.708
2025-02-06 20:49:00,33.286
2025-02-06 20:54:00,36.784
2025-02-06 20:59:00,31.76
2025-02-06 21:04:00,33.568000000000005
2025-02-06 21:09:00,36.55
2025-02-06 21:14:00,32.3
2025-02-06 21:19:00,35.868
2025-02-06 21:24:00,32.7
2025-02-06 21:29:00,32.724000000000004
2025-02-06 21:34:00,35.058
2025-02-06 21:39:00,37.944
2025-02-06 21:44:00,32.558
2025-02-06 21:49:00,33.484
2025-02-06 21:54:00,37.16
2025-02-06 21:59:00,34.084
2025-02-06 22:04:00,31.01
2025-02-06 22:09:00,35.188
2025-02-06 22:14:00,33.65
2025-02-06 22:19:00,34.514
2025-02-06 22:24:00,33.896
2025-02-06 22:29:00,31.552
2025-02-06 22:34:00,33.404
2025-02-06 22:39:00,33.24
2025-02-06 22:44:00,35.896
2025-02-06 22:49:00,30.68
2025-02-06 22:54:00,36.275999999999996
2025-02-06 22:59:00,34.02
2025-02-06 23:04:00,31.604
2025-02-06 23:09:00,34.93
2025-02-06 23:14:00,33.474000000000004
2025-02-06 23:19:00,33.498000000000005
2025-02-06 23:24:00,33.24
2025-02-06 23:29:00,36.816
2025-02-06 23:34:00,33.356
2025-02-06 23:39:00,31.408
2025-02-06 23:44:00,33.708
2025-02-06 23:49:00,33.31
2025-02-06 23:54:00,34.958
2025-02-06 23:59:00,36.244
2025-02-07 00:04:00,35.282
2025-02-07 00:09:00,34.272
2025-02-07 00:14:00,32.275999999999996
2025-02-07 00:19:00,38.42
2025-02-07 00:24:00,30.658
2025-02-07 00:29:00,33.31
2025-02-07 00:34:00,34.954
2025-02-07 00:39:00,35.282
2025-02-07 00:44:00,32.676
2025-02-07 00:49:00,33.17
2025-02-07 00:54:00,34.87
2025-02-07 00:59:00,33.662
2025-02-07 01:04:00,37.794000000000004
2025-02-07 01:09:00,30.73
2025-02-07 01:14:00,33.662
2025-02-07 01:19:00,36.948
2025-02-07 01:24:00,32.205999999999996
2025-02-07 01:29:00,33.286
2025-02-07 01:34:00,35.492
2025-02-07 01:39:00,31.924
2025-02-07 01:44:00,33.78
2025-02-07 01:49:00,33.38
2025-02-07 01:54:00,35.274
2025-02-07 01:59:00,35.254
2025-02-07 02:04:00,33.896
2025-02-07 02:09:00,33.004
2025-02-07 02:14:00,33.256
2025-02-07 02:19:00,33.368
2025-02-07 02:24:00,36.052
2025-02-07 02:29:00,34.624
2025-02-07 02:34:00,33.71
2025-02-07 02:39:00,34.154
2025-02-07 02:44:00,30.892
2025-02-07 02:49:00,33.17
2025-02-07 02:54:00,35.078
2025-02-07 02:59:00,33.53
2025-02-07 03:04:00,36.996
2025-02-07 03:09:00,31.54
2025-02-07 03:14:00,33.544000000000004
2025-02-07 03:19:00,34.624
2025-02-07 03:24:00,36.472
2025-02-07 03:29:00,35.961999999999996
2025-02-07 03:34:00,32.762
2025-02-07 03:39:00,33.424
2025-02-07 03:44:00,32.512
2025-02-07 03:49:00,33.404
2025-02-07 03:54:00,35.118
2025-02-07 03:59:00,33.641999999999996
2025-02-07 04:04:00,35.61
2025-02-07 04:09:00,35.674
2025-02-07 04:14:00,33.726
2025-02-07 04:19:00,34.812
2025-02-07 04:24:00,34.955999999999996
2025-02-07 04:29:00,33.568000000000005
2025-02-07 04:34:00,35.046
2025-02-07 04:39:00,31.654
2025-02-07 04:44:00,33.848
2025-02-07 04:49:00,37.09
2025-02-07 04:54:00,30.938000000000002
2025-02-07 04:59:00,33.428000000000004
2025-02-07 05:04:00,35.306
2025-02-07 05:09:00,32.846
2025-02-07 05:14:00,33.732
2025-02-07 05:19:00,33.1
2025-02-07 05:24:00,35.824
2025-02-07 05:29:00,33.78
2025-02-07 05:34:00,39.356
2025-02-07 05:39:00,31.174
2025-02-07 05:44:00,34.312
2025-02-07 05:49:00,33.616
2025-02-07 05:54:00,36.01
2025-02-07 05:59:00,37.111999999999995
2025-02-07 06:04:00,30.68
2025-02-07 06:09:00,35.376
2025-02-07 06:14:00,36.442
2025-02-07 06:19:00,31.314
2025-02-07 06:24:00,35.868
2025-02-07 06:29:00,33.408
2025-02-07 06:34:00,33.742
2025-02-07 06:39:00,35.024
2025-02-07 06:44:00,34.038000000000004
2025-02-07 06:49:00,35.564
2025-02-07 06:54:00,33.498000000000005
2025-02-07 06:59:00,33.99
2025-02-07 07:04:00,35.868
2025-02-07 07:09:00,32.86
2025-02-07 07:14:00,35.746
2025-02-07 07:19:00,35.41
2025-02-07 07:24:00,35.024
2025-02-07 07:29:00,33.686
2025-02-07 07:34:00,33.99
2025-02-07 07:39:00,34.108000000000004
2025-02-07 07:44:00,35.188
2025-02-07 07:49:00,33.931999999999995
2025-02-07 07:54:00,35.891999999999996
2025-02-07 07:59:00,31.125999999999998
2025-02-07 08:04:00,35.622
2025-02-07 08:09:00,35.704
2025-02-07 08:14:00,33.492
2025-02-07 08:19:00,33.24
2025-02-07 08:24:00,36.494
2025-02-07 08:29:00,30.342
2025-02-07 08:34:00,33.262
2025-02-07 08:39:00,33.474000000000004
2025-02-07 08:44:00,36.338
2025-02-07 08:49:00,31.174
2025-02-07 08:54:00,38.78
2025-02-07 08:59:00,34.34
2025-02-07 09:04:00,36.501999999999995
2025-02-07 09:09:00,36.268
2025-02-07 09:14:00,34.788000000000004
2025-02-07 09:19:00,36.742
2025-02-07 09:24:00,32.646
2025-02-07 09:29:00,36.292
2025-02-07 09:34:00,34.508
2025-02-07 09:39:00,34.062
2025-02-07 09:44:00,35.282
2025-02-07 09:49:00,34.68
2025-02-07 09:54:00,39.104
2025-02-07 09:59:00,34.154
2025-02-07 10:04:00,36.292
2025-02-07 10:09:00,37.88800000000001
2025-02-07 10:14:00,33.796
2025-02-07 10:19:00,36.338
2025-02-07 10:24:00,34.32
2025-02-07 10:29:00,35.658
2025-02-07 10:34:00,34.694
2025-02-07 10:39:00,36.162
2025-02-07 10:44:00,34.508
2025-02-07 10:49:00,31.456
2025-02-07 10:54:00,35.3
2025-02-07 10:59:00,33.45
2025-02-07 11:04:00,33.28
2025-02-07 11:09:00,35.328
2025-02-07 11:14:00,37.275999999999996
2025-02-07 11:19:00,34.672
2025-02-07 11:24:00,31.76
2025-02-07 11:29:00,33.356
2025-02-07 11:34:00,33.686
2025-02-07 11:39:00,33.972
2025-02-07 11:44:00,33.874
2025-02-07 11:49:00,36.326
2025-02-07 11:54:00,32.324
2025-02-07 11:59:00,34.078
2025-02-07 12:04:00,33.428000000000004
2025-02-07 12:09:00,35.046
2025-02-07 12:14:00,33.358000000000004
2025-02-07 12:19:00,35.14
2025-02-07 12:24:00,33.708
2025-02-07 12:29:00,33.944
2025-02-07 12:34:00,33.92
2025-02-07 12:39:00,33.38
2025-02-07 12:44:00,37.652
2025-02-07 12:49:00,29.378
2025-02-07 12:54:00,35.33
2025-02-07 12:59:00,34.906
2025-02-07 13:04:00,32.356
2025-02-07 13:09:00,34.988
2025-02-07 13:14:00,35.328
2025-02-07 13:19:00,31.392
2025-02-07 13:24:00,34.455999999999996
2025-02-07 13:29:00,38.208
2025-02-07 13:34:00,35.61
2025-02-07 13:49:00,28.225
2025-02-07 13:54:00,35.78800000000001
2025-02-07 13:59:00,33.498000000000005
2025-02-07 14:04:00,34.32
2025-02-07 14:09:00,38.262
2025-02-07 14:14:00,33.004
2025-02-07 14:19:00,30.872
2025-02-07 14:24:00,34.014
2025-02-07 14:29:00,34.906
2025-02-07 14:34:00,35.164
2025-02-07 14:39:00,36.111999999999995
2025-02-07 14:44:00,32.958
2025-02-07 14:49:00,32.3
2025-02-07 14:54:00,35.422
2025-02-07 14:59:00,33.732
2025-02-07 15:04:00,33.494
2025-02-07 15:09:00,39.814
2025-02-07 15:14:00,30.118000000000002
2025-02-07 15:19:00,34.296
2025-02-07 15:24:00,34.414
2025-02-07 15:29:00,35.47400000000001
2025-02-07 15:34:00,35.14
2025-02-07 15:39:00,37.324
2025-02-07 15:44:00,32.934
2025-02-07 15:49:00,34.586
2025-02-07 15:54:00,36.578
2025-02-07 15:59:00,37.632
2025-02-07 16:04:00,31.59800000000001
2025-02-07 16:09:00,38.63800000000001
2025-02-07 16:14:00,34.014
2025-02-07 16:19:00,34.062
2025-02-07 16:24:00,33.896
2025-02-07 16:29:00,35.774
2025-02-07 16:34:00,32.51
2025-02-07 16:39:00,38.756
2025-02-07 16:44:00,29.43
2025-02-07 16:49:00,33.978
2025-02-07 16:54:00,35.796
2025-02-07 16:59:00,35.282
2025-02-07 17:04:00,34.6
2025-02-07 17:09:00,32.922
2025-02-07 17:14:00,33.616
2025-02-07 17:19:00,33.38
2025-02-07 17:24:00,34.32
2025-02-07 17:29:00,32.63
2025-02-07 17:34:00,37.501999999999995
2025-02-07 17:39:00,31.15
2025-02-07 17:44:00,33.826
2025-02-07 17:49:00,33.568000000000005
2025-02-07 17:54:00,35.054
2025-02-07 17:59:00,32.228
2025-02-07 18:04:00,34.9
2025-02-07 18:09:00,33.662
2025-02-07 18:14:00,33.24
2025-02-07 18:19:00,30.605999999999998
2025-02-07 18:24:00,32.135999999999996
2025-02-07 18:29:00,32.254
2025-02-07 18:34:00,34.202
2025-02-07 18:39:00,30.278000000000002
2025-02-07 18:44:00,32.558
2025-02-07 18:49:00,32.184
2025-02-07 18:54:00,34.32
2025-02-07 18:59:00,38.324
2025-02-07 19:04:00,29.624000000000002
2025-02-07 19:09:00,34.038000000000004
2025-02-07 19:14:00,34.251999999999995
2025-02-07 19:19:00,30.406
2025-02-07 19:24:00,32.066
2025-02-07 19:29:00,31.971999999999998
2025-02-07 19:34:00,32.778
2025-02-07 19:39:00,36.01
2025-02-07 19:44:00,29.248
2025-02-07 19:49:00,33.896
2025-02-07 19:54:00,32.37
2025-02-07 19:59:00,32.16
2025-02-07 20:04:00,32.7
2025-02-07 20:09:00,36.738
2025-02-07 20:14:00,33.356
2025-02-07 20:19:00,32.17
2025-02-07 20:24:00,33.008
2025-02-07 20:29:00,34.144
2025-02-07 20:34:00,34.21
2025-02-07 20:39:00,28.261999999999997
2025-02-07 20:44:00,32.234
2025-02-07 20:49:00,32.418
2025-02-07 20:54:00,33.944
2025-02-07 20:59:00,34.118
2025-02-07 21:04:00,30.756
2025-02-07 21:09:00,35.024
2025-02-07 21:14:00,30.846
2025-02-07 21:19:00,34.578
2025-02-07 21:24:00,29.414
2025-02-07 21:29:00,33.99
2025-02-07 21:34:00,30.336
2025-02-07 21:39:00,32.676
2025-02-07 21:44:00,33.708
2025-02-07 21:49:00,31.01
2025-02-07 21:54:00,33.826
2025-02-07 21:59:00,34.436
2025-02-07 22:04:00,32.512
2025-02-07 22:09:00,32.135999999999996
2025-02-07 22:14:00,34.812
2025-02-07 22:19:00,33.544000000000004
2025-02-07 22:24:00,36.22
2025-02-07 22:29:00,32.848
2025-02-07 22:34:00,33.146
2025-02-07 22:39:00,32.275999999999996
2025-02-07 22:44:00,32.205999999999996
2025-02-07 22:49:00,32.536
2025-02-07 22:54:00,34.508
2025-02-07 22:59:00,36.361999999999995
2025-02-07 23:04:00,29.201999999999998
2025-02-07 23:09:00,34.578
2025-02-07 23:14:00,34.93
2025-02-07 23:19:00,33.662
2025-02-07 23:24:00,33.592
2025-02-07 23:29:00,34.226
2025-02-07 23:34:00,30.81
2025-02-07 23:39:00,36.99800000000001
2025-02-07 23:44:00,28.464000000000002
2025-02-07 23:49:00,33.082
2025-02-07 23:54:00,36.104
2025-02-07 23:59:00,31.314
2025-02-08 00:04:00,32.906
2025-02-08 00:09:00,33.99
2025-02-08 00:14:00,35.492
2025-02-08 00:19:00,33.968
2025-02-08 00:24:00,34.326
2025-02-08 00:29:00,29.32800000000001
2025-02-08 00:34:00,32.676
2025-02-08 00:39:00,32.816
2025-02-08 00:44:00,32.982
2025-02-08 00:49:00,32.77
2025-02-08 00:54:00,36.198
2025-02-08 00:59:00,31.901999999999997
2025-02-08 01:04:00,31.15
2025-02-08 01:09:00,34.525999999999996
2025-02-08 01:14:00,36.314
2025-02-08 01:19:00,34.578
2025-02-08 01:24:00,34.226
2025-02-08 01:29:00,33.384
2025-02-08 01:34:00,32.838
2025-02-08 01:39:00,33.896
2025-02-08 01:44:00,31.596
2025-02-08 01:49:00,32.512
2025-02-08 01:54:00,38.514
2025-02-08 01:59:00,33.036
2025-02-08 02:04:00,30.491999999999997
2025-02-08 02:09:00,37.77
2025-02-08 02:14:00,31.15
2025-02-08 02:19:00,32.275999999999996
2025-02-08 02:24:00,34.132
2025-02-08 02:29:00,33.028
2025-02-08 02:34:00,32.23
2025-02-08 02:39:00,32.272
2025-02-08 02:44:00,35.75199999999999
2025-02-08 02:49:00,28.57800000000001
2025-02-08 02:54:00,36.08
2025-02-08 02:59:00,30.564
2025-02-08 03:04:00,32.275999999999996
2025-02-08 03:09:00,33.568000000000005
2025-02-08 03:14:00,32.122
2025-02-08 03:19:00,33.24
2025-02-08 03:24:00,32.348
2025-02-08 03:29:00,37.864000000000004
2025-02-08 03:34:00,28.215999999999998
2025-02-08 03:39:00,32.482
2025-02-08 03:44:00,32.808
2025-02-08 03:49:00,31.968000000000004
2025-02-08 03:54:00,33.874
2025-02-08 03:59:00,34.648
2025-02-08 04:04:00,33.616
2025-02-08 04:09:00,32.966
2025-02-08 04:14:00,33.758
2025-02-08 04:19:00,34.108000000000004
2025-02-08 04:24:00,32.111999999999995
2025-02-08 04:29:00,34.554
2025-02-08 04:34:00,30.42
2025-02-08 04:39:00,32.3
2025-02-08 04:44:00,33.896
2025-02-08 04:49:00,31.174
2025-02-08 04:54:00,36.178000000000004
2025-02-08 04:59:00,33.146
2025-02-08 05:04:00,34.954
2025-02-08 05:09:00,31.198
2025-02-08 05:14:00,32.244
2025-02-08 05:19:00,36.762
2025-02-08 05:24:00,33.146
2025-02-08 05:29:00,30.491999999999997
2025-02-08 05:34:00,32.888000000000005
2025-02-08 05:39:00,32.888000000000005
2025-02-08 05:44:00,32.84
2025-02-08 05:49:00,35.094
2025-02-08 05:54:00,33.45
2025-02-08 05:59:00,31.714000000000002
2025-02-08 06:04:00,31.494
2025-02-08 06:09:00,33.92
2025-02-08 06:14:00,32.324
2025-02-08 06:19:00,33.906
2025-02-08 06:24:00,31.691999999999997
2025-02-08 06:29:00,33.955999999999996
2025-02-08 06:34:00,35.054
2025-02-08 06:39:00,30.866
2025-02-08 06:44:00,31.362
2025-02-08 06:49:00,33.99
2025-02-08 06:54:00,31.83
2025-02-08 06:59:00,32.348
2025-02-08 07:04:00,32.394
2025-02-08 07:09:00,33.896
2025-02-08 07:14:00,33.662
2025-02-08 07:19:00,35.422
2025-02-08 07:24:00,27.712
2025-02-08 07:29:00,32.52
2025-02-08 07:34:00,33.926
2025-02-08 07:39:00,34.32
2025-02-08 07:44:00,34.46
2025-02-08 07:49:00,31.362
2025-02-08 07:54:00,32.396
2025-02-08 07:59:00,32.51
2025-02-08 08:04:00,32.558
2025-02-08 08:09:00,33.592
2025-02-08 08:14:00,34.318000000000005
2025-02-08 08:19:00,30.281999999999996
2025-02-08 08:24:00,32.09
2025-02-08 08:29:00,33.16
2025-02-08 08:34:00,31.154
2025-02-08 08:39:00,34.038000000000004
2025-02-08 08:44:00,30.25800000000001
2025-02-08 08:49:00,31.984
2025-02-08 08:54:00,36.704
2025-02-08 08:59:00,30.752
2025-02-08 09:04:00,31.031999999999996
2025-02-08 09:09:00,37.018
2025-02-08 09:14:00,33.99
2025-02-08 09:19:00,34.39
2025-02-08 09:24:00,34.436
2025-02-08 09:29:00,34.628
2025-02-08 09:34:00,38.076
2025-02-08 09:39:00,32.476
2025-02-08 09:44:00,34.52
2025-02-08 09:49:00,34.672
2025-02-08 09:54:00,36.784
2025-02-08 09:59:00,34.272
2025-02-08 10:04:00,36.455999999999996
2025-02-08 10:09:00,38.304
2025-02-08 10:14:00,32.418
2025-02-08 10:19:00,33.638000000000005
2025-02-08 10:24:00,34.138000000000005
2025-02-08 10:29:00,33.662
2025-02-08 10:34:00,39.296
2025-02-08 10:39:00,32.394
2025-02-08 10:44:00,36.052
2025-02-08 10:49:00,33.38
2025-02-08 10:54:00,35.774
2025-02-08 10:59:00,36.59
2025-02-08 11:04:00,32.512
2025-02-08 11:09:00,37.004
2025-02-08 11:14:00,34.302
2025-02-08 11:19:00,34.954
2025-02-08 11:24:00,35.024
2025-02-08 11:29:00,33.732
2025-02-08 11:34:00,34.53
2025-02-08 11:39:00,30.962
2025-02-08 11:44:00,33.85
2025-02-08 11:49:00,31.104
2025-02-08 11:54:00,36.431999999999995
2025-02-08 11:59:00,29.904
2025-02-08 12:04:00,34.666
2025-02-08 12:09:00,32.032
2025-02-08 12:14:00,32.418
2025-02-08 12:19:00,35.908
2025-02-08 12:24:00,31.00800000000001
2025-02-08 12:29:00,32.394
2025-02-08 12:34:00,34.014
2025-02-08 12:39:00,32.746
2025-02-08 12:44:00,29.75800000000001
2025-02-08 12:49:00,32.036
2025-02-08 12:54:00,33.944
2025-02-08 12:59:00,33.24
2025-02-08 13:04:00,33.004
2025-02-08 13:09:00,31.644000000000002
2025-02-08 13:14:00,32.524
2025-02-08 13:19:00,32.122
2025-02-08 13:24:00,33.638000000000005
2025-02-08 13:29:00,38.544000000000004
2025-02-08 13:34:00,29.484
2025-02-08 13:39:00,32.724000000000004
2025-02-08 13:44:00,34.266
2025-02-08 13:49:00,32.102
2025-02-08 13:54:00,34.154
2025-02-08 13:59:00,32.418
2025-02-08 14:04:00,34.788000000000004
2025-02-08 14:09:00,33.334
2025-02-08 14:14:00,31.291999999999998
2025-02-08 14:19:00,36.864000000000004
2025-02-08 14:24:00,33.16
2025-02-08 14:29:00,32.248000000000005
2025-02-08 14:34:00,34.178000000000004
2025-02-08 14:39:00,32.794000000000004
2025-02-08 14:44:00,33.732
2025-02-08 14:49:00,31.234
2025-02-08 14:54:00,34.374
2025-02-08 14:59:00,32.318000000000005
2025-02-08 15:04:00,34.39
2025-02-08 15:09:00,37.3
2025-02-08 15:14:00,29.691999999999997
2025-02-08 15:19:00,32.135999999999996
2025-02-08 15:24:00,36.032
2025-02-08 15:29:00,30.892
2025-02-08 15:34:00,34.508
2025-02-08 15:39:00,30.798000000000002
2025-02-08 15:44:00,32.606
2025-02-08 15:49:00,32.37
2025-02-08 15:54:00,36.972
2025-02-08 15:59:00,32.135999999999996
2025-02-08 16:04:00,36.431999999999995
2025-02-08 16:09:00,34.554
2025-02-08 16:14:00,31.572
2025-02-08 16:19:00,33.85
2025-02-08 16:24:00,32.042
2025-02-08 16:29:00,31.878
2025-02-08 16:34:00,32.205999999999996
2025-02-08 16:39:00,34.812
2025-02-08 16:44:00,34.53
2025-02-08 16:49:00,33.248000000000005
2025-02-08 16:54:00,32.275999999999996
2025-02-08 16:59:00,32.348
2025-02-08 17:04:00,32.342
2025-02-08 17:09:00,33.896
2025-02-08 17:14:00,32.63
2025-02-08 17:19:00,32.418
2025-02-08 17:24:00,36.738
2025-02-08 17:29:00,34.474000000000004
2025-02-08 17:34:00,31.72
2025-02-08 17:39:00,32.958
2025-02-08 17:44:00,32.652
2025-02-08 17:49:00,32.3
2025-02-08 17:54:00,35.898
2025-02-08 17:59:00,32.21
2025-02-08 18:04:00,32.562
2025-02-08 18:09:00,35.455999999999996
2025-02-08 18:14:00,33.99
2025-02-08 18:19:00,39.484
2025-02-08 18:24:00,28.592
2025-02-08 18:29:00,36.292
2025-02-08 18:34:00,35.496
2025-02-08 18:39:00,31.031999999999996
2025-02-08 18:44:00,34.598
2025-02-08 18:49:00,30.305999999999997
2025-02-08 18:54:00,33.83
2025-02-08 18:59:00,34.754
2025-02-08 19:04:00,29.851999999999997
2025-02-08 19:09:00,37.018
2025-02-08 19:14:00,28.99
2025-02-08 19:19:00,32.032
2025-02-08 19:24:00,32.692
2025-02-08 19:29:00,32.23
2025-02-08 19:34:00,32.824
2025-02-08 19:39:00,37.95
2025-02-08 19:44:00,29.178
2025-02-08 19:49:00,31.104
2025-02-08 19:54:00,33.708
2025-02-08 19:59:00,32.23
2025-02-08 20:04:00,34.798
2025-02-08 20:09:00,32.382
2025-02-08 20:14:00,33.912
2025-02-08 20:19:00,33.714
2025-02-08 20:24:00,29.53
2025-02-08 20:29:00,32.278
2025-02-08 20:34:00,34.63
2025-02-08 20:39:00,30.046
2025-02-08 20:44:00,33.568000000000005
2025-02-08 20:49:00,32.066
2025-02-08 20:54:00,35.728
2025-02-08 20:59:00,32.536
2025-02-08 21:04:00,35.14
2025-02-08 21:09:00,35.044000000000004
2025-02-08 21:14:00,31.378
2025-02-08 21:19:00,35.07
2025-02-08 21:24:00,34.014
2025-02-08 21:29:00,38.885999999999996
2025-02-08 21:34:00,34.046
2025-02-08 21:39:00,34.635999999999996
2025-02-08 21:44:00,34.668
2025-02-08 21:49:00,35.4
2025-02-08 21:54:00,36.784
2025-02-08 21:59:00,32.788000000000004
2025-02-08 22:04:00,34.216
2025-02-08 22:09:00,36.071999999999996
2025-02-08 22:14:00,34.054
2025-02-08 22:19:00,36.628
2025-02-08 22:24:00,37.51
2025-02-08 22:29:00,30.752
2025-02-08 22:34:00,33.638000000000005
2025-02-08 22:39:00,33.356
2025-02-08 22:44:00,33.474000000000004
2025-02-08 22:49:00,33.474000000000004
2025-02-08 22:54:00,38.656
2025-02-08 22:59:00,32.644
2025-02-08 23:04:00,32.91
2025-02-08 23:09:00,35.838
2025-02-08 23:14:00,34.288000000000004
2025-02-08 23:19:00,35.68
2025-02-08 23:24:00,37.794000000000004
2025-02-08 23:29:00,32.614000000000004
2025-02-08 23:34:00,34.718
2025-02-08 23:39:00,34.718
2025-02-08 23:44:00,35.868
2025-02-08 23:49:00,32.724000000000004
2025-02-08 23:54:00,38.11
2025-02-08 23:59:00,32.512
2025-02-09 00:04:00,34.272
2025-02-09 00:09:00,35.65
2025-02-09 00:14:00,34.148
2025-02-09 00:19:00,35.246
2025-02-09 00:24:00,33.036
2025-02-09 00:29:00,36.32
2025-02-09 00:34:00,34.742
2025-02-09 00:39:00,35.282
2025-02-09 00:44:00,32.178000000000004
2025-02-09 00:49:00,33.826
2025-02-09 00:54:00,35.916
2025-02-09 00:59:00,36.361999999999995
2025-02-09 01:04:00,36.174
2025-02-09 01:09:00,33.568000000000005
2025-02-09 01:14:00,33.94
2025-02-09 01:19:00,33.756
2025-02-09 01:24:00,34.014
2025-02-09 01:29:00,34.3
2025-02-09 01:34:00,35.894
2025-02-09 01:39:00,39.374
2025-02-09 01:44:00,31.27
2025-02-09 01:49:00,34.202
2025-02-09 01:54:00,35.938
2025-02-09 01:59:00,34.196
2025-02-09 02:04:00,36.431999999999995
2025-02-09 02:09:00,34.976
2025-02-09 02:14:00,35.72
2025-02-09 02:19:00,38.262
2025-02-09 02:24:00,30.854
2025-02-09 02:29:00,33.508
2025-02-09 02:34:00,33.576
2025-02-09 02:39:00,36.134
2025-02-09 02:44:00,31.842
2025-02-09 02:49:00,33.57
2025-02-09 02:54:00,35.076
2025-02-09 02:59:00,33.61
2025-02-09 03:04:00,33.874
2025-02-09 03:09:00,36.52
2025-02-09 03:14:00,32.724000000000004
2025-02-09 03:19:00,40.868
2025-02-09 03:24:00,33.028
2025-02-09 03:29:00,32.205999999999996
2025-02-09 03:34:00,34.836
2025-02-09 03:39:00,34.584
2025-02-09 03:44:00,34.848
2025-02-09 03:49:00,35.36400000000001
2025-02-09 03:54:00,35.0
2025-02-09 03:59:00,35.616
2025-02-09 04:04:00,32.09
2025-02-09 04:09:00,36.01
2025-02-09 04:14:00,37.264
2025-02-09 04:19:00,34.396
2025-02-09 04:24:00,35.774
2025-02-09 04:29:00,36.666
2025-02-09 04:34:00,32.135999999999996
2025-02-09 04:39:00,34.524
2025-02-09 04:44:00,32.001999999999995
2025-02-09 04:49:00,33.906
2025-02-09 04:54:00,35.634
2025-02-09 04:59:00,35.32
2025-02-09 05:04:00,36.668
2025-02-09 05:09:00,35.656
2025-02-09 05:14:00,34.044000000000004
2025-02-09 05:19:00,35.798
2025-02-09 05:24:00,31.901999999999997
2025-02-09 05:29:00,35.188
2025-02-09 05:34:00,33.24
2025-02-09 05:39:00,33.944
2025-02-09 05:44:00,36.208
2025-02-09 05:49:00,34.32
2025-02-09 05:54:00,34.042
2025-02-09 05:59:00,33.802
2025-02-09 06:04:00,34.446
2025-02-09 06:09:00,37.13800000000001
2025-02-09 06:14:00,33.186
2025-02-09 06:19:00,34.976
2025-02-09 06:24:00,37.354
2025-02-09 06:29:00,33.78
2025-02-09 06:34:00,36.15
2025-02-09 06:39:00,33.732
2025-02-09 06:44:00,32.246
2025-02-09 06:49:00,33.874
2025-02-09 06:54:00,35.704
2025-02-09 06:59:00,35.282
2025-02-09 07:04:00,35.61
2025-02-09 07:09:00,35.846
2025-02-09 07:14:00,34.226
2025-02-09 07:19:00,35.438
2025-02-09 07:24:00,35.186
2025-02-09 07:29:00,32.0
2025-02-09 07:34:00,34.17
2025-02-09 07:39:00,34.544000000000004
2025-02-09 07:44:00,34.29
2025-02-09 07:49:00,36.738
2025-02-09 07:54:00,34.504
2025-02-09 07:59:00,34.882
2025-02-09 08:04:00,32.582
2025-02-09 08:09:00,35.81800000000001
2025-02-09 08:14:00,34.364000000000004
2025-02-09 08:19:00,34.178000000000004
2025-02-09 08:24:00,35.564
2025-02-09 08:29:00,35.564
2025-02-09 08:34:00,34.062
2025-02-09 08:39:00,35.99800000000001
2025-02-09 08:44:00,33.498000000000005
2025-02-09 08:49:00,33.24
2025-02-09 08:54:00,36.902
2025-02-09 08:59:00,33.45
2025-02-09 09:04:00,34.39
2025-02-09 09:09:00,36.062
2025-02-09 09:14:00,35.705999999999996
2025-02-09 09:19:00,38.85
2025-02-09 09:24:00,32.184
2025-02-09 09:29:00,34.296
2025-02-09 09:34:00,36.048
2025-02-09 09:39:00,33.624
2025-02-09 09:44:00,34.702
2025-02-09 09:49:00,37.596
2025-02-09 09:54:00,33.098
2025-02-09 09:59:00,34.624
2025-02-09 10:04:00,36.048
2025-02-09 10:09:00,38.968
2025-02-09 10:14:00,33.216
2025-02-09 10:19:00,36.478
2025-02-09 10:24:00,32.071999999999996
2025-02-09 10:29:00,34.36
2025-02-09 10:34:00,33.96
2025-02-09 10:39:00,34.09
2025-02-09 10:44:00,36.668
2025-02-09 10:49:00,32.222
2025-02-09 10:54:00,39.536
2025-02-09 10:59:00,31.022
2025-02-09 11:04:00,34.251999999999995
2025-02-09 11:09:00,38.92
2025-02-09 11:14:00,34.558
2025-02-09 11:19:00,33.796
2025-02-09 11:24:00,38.944
2025-02-09 11:29:00,29.57800000000001
2025-02-09 11:34:00,36.174
2025-02-09 11:39:00,33.45
2025-02-09 11:44:00,35.211999999999996
2025-02-09 11:49:00,34.648
2025-02-09 11:54:00,38.194
2025-02-09 11:59:00,32.111999999999995
2025-02-09 12:04:00,34.742
2025-02-09 12:09:00,38.38
2025-02-09 12:14:00,32.348
2025-02-09 12:19:00,38.262
2025-02-09 12:24:00,32.816
2025-02-09 12:29:00,36.431999999999995
2025-02-09 12:34:00,32.066
2025-02-09 12:39:00,34.138000000000005
2025-02-09 12:44:00,34.46
2025-02-09 12:49:00,34.53
2025-02-09 12:54:00,35.394
2025-02-09 12:59:00,38.99
2025-02-09 13:04:00,27.041999999999998
2025-02-09 13:09:00,34.882
2025-02-09 13:14:00,33.052
2025-02-09 13:19:00,37.37
2025-02-09 13:24:00,35.08
2025-02-09 13:29:00,34.698
2025-02-09 13:34:00,32.821999999999996
2025-02-09 13:39:00,32.135999999999996
2025-02-09 13:44:00,35.85800000000001
2025-02-09 13:49:00,30.204
2025-02-09 13:54:00,35.042
2025-02-09 13:59:00,32.71
2025-02-09 14:04:00,35.178000000000004
2025-02-09 14:09:00,32.816
2025-02-09 14:14:00,34.272
2025-02-09 14:19:00,31.526
2025-02-09 14:24:00,35.846
2025-02-09 14:29:00,33.31
2025-02-09 14:34:00,36.832
2025-02-09 14:39:00,29.718000000000004
2025-02-09 14:44:00,34.508
2025-02-09 14:49:00,35.47
2025-02-09 14:54:00,37.722
2025-02-09 14:59:00,34.36
2025-02-09 15:04:00,35.916
2025-02-09 15:09:00,34.108000000000004
2025-02-09 15:14:00,34.372
2025-02-09 15:19:00,37.14
2025-02-09 15:24:00,36.714
2025-02-09 15:29:00,32.786
2025-02-09 15:34:00,35.694
2025-02-09 15:39:00,32.254
2025-02-09 15:44:00,34.436
2025-02-09 15:49:00,34.108000000000004
2025-02-09 15:54:00,35.938
2025-02-09 15:59:00,36.501999999999995
2025-02-09 16:04:00,36.114000000000004
2025-02-09 16:09:00,37.738
2025-02-09 16:14:00,34.742
2025-02-09 16:19:00,31.66800000000001
2025-02-09 16:24:00,35.242
2025-02-09 16:29:00,34.054
2025-02-09 16:34:00,35.64
2025-02-09 16:39:00,34.658
2025-02-09 16:44:00,34.194
2025-02-09 16:49:00,35.188
2025-02-09 16:54:00,35.846
2025-02-09 16:59:00,35.54
2025-02-09 17:04:00,38.152
2025-02-09 17:09:00,32.91
2025-02-09 17:14:00,34.668
2025-02-09 17:19:00,36.15
2025-02-09 17:24:00,35.798
2025-02-09 17:29:00,38.708
2025-02-09 17:34:00,33.836
2025-02-09 17:39:00,37.444
2025-02-09 17:44:00,33.122
2025-02-09 17:49:00,34.508
2025-02-09 17:54:00,39.178000000000004
2025-02-09 17:59:00,32.126
2025-02-09 18:04:00,34.664
2025-02-09 18:09:00,39.508
2025-02-09 18:14:00,31.478
2025-02-09 18:19:00,36.09
2025-02-09 18:24:00,36.232
2025-02-09 18:29:00,34.6
2025-02-09 18:34:00,37.135999999999996
2025-02-09 18:39:00,34.264
2025-02-09 18:44:00,33.802
2025-02-09 18:49:00,33.186
2025-02-09 18:54:00,37.356
2025-02-09 18:59:00,35.37
2025-02-09 19:04:00,33.826
2025-02-09 19:09:00,35.704
2025-02-09 19:14:00,36.032
2025-02-09 19:19:00,32.111999999999995
2025-02-09 19:24:00,38.192
2025-02-09 19:29:00,32.464
2025-02-09 19:34:00,34.178000000000004
2025-02-09 19:39:00,34.414
2025-02-09 19:44:00,36.272
2025-02-09 19:49:00,32.361999999999995
2025-02-09 19:54:00,35.588
2025-02-09 19:59:00,35.492
2025-02-09 20:04:00,32.652
2025-02-09 20:09:00,37.762
2025-02-09 20:14:00,31.052
2025-02-09 20:19:00,35.891999999999996
2025-02-09 20:24:00,31.69
2025-02-09 20:29:00,33.602
2025-02-09 20:34:00,37.49
2025-02-09 20:39:00,33.616
2025-02-09 20:44:00,33.674
2025-02-09 20:49:00,33.806
2025-02-09 20:54:00,38.92
2025-02-09 20:59:00,32.018
2025-02-09 21:04:00,34.836
2025-02-09 21:09:00,35.14
2025-02-09 21:14:00,34.38
2025-02-09 21:19:00,35.54
2025-02-09 21:24:00,31.362
2025-02-09 21:29:00,35.328
2025-02-09 21:34:00,33.052
2025-02-09 21:39:00,35.34
2025-02-09 21:44:00,32.95
2025-02-09 21:49:00,35.961999999999996
2025-02-09 21:54:00,34.172
2025-02-09 21:59:00,34.826
2025-02-09 22:04:00,35.4
2025-02-09 22:09:00,34.608000000000004
2025-02-09 22:14:00,35.16
2025-02-09 22:19:00,37.348
2025-02-09 22:24:00,34.436
2025-02-09 22:29:00,31.268
2025-02-09 22:34:00,34.036
2025-02-09 22:39:00,34.826
2025-02-09 22:44:00,33.708
2025-02-09 22:49:00,35.046
2025-02-09 22:54:00,37.794000000000004
2025-02-09 22:59:00,31.644000000000002
2025-02-09 23:04:00,34.236
2025-02-09 23:09:00,39.624
2025-02-09 23:14:00,34.178000000000004
2025-02-09 23:19:00,36.8
2025-02-09 23:24:00,34.976
2025-02-09 23:29:00,32.184
2025-02-09 23:34:00,34.226
2025-02-09 23:39:00,34.014
2025-02-09 23:44:00,33.99
2025-02-09 23:49:00,33.896
2025-02-09 23:54:00,37.512
2025-02-09 23:59:00,35.54
2025-02-10 00:04:00,29.976
2025-02-10 00:09:00,35.47
2025-02-10 00:14:00,37.864000000000004
2025-02-10 00:19:00,37.284
2025-02-10 00:24:00,31.901999999999997
2025-02-10 00:29:00,35.478
2025-02-10 00:34:00,35.934
2025-02-10 00:39:00,36.032
2025-02-10 00:44:00,33.334
2025-02-10 00:49:00,38.732
2025-02-10 00:54:00,31.644000000000002
2025-02-10 00:59:00,34.6
2025-02-10 01:04:00,36.854
2025-02-10 01:09:00,35.821999999999996
2025-02-10 01:14:00,34.226
2025-02-10 01:19:00,39.906
2025-02-10 01:24:00,30.83
2025-02-10 01:29:00,34.418
2025-02-10 01:34:00,37.135999999999996
2025-02-10 01:39:00,32.134
2025-02-10 01:44:00,34.836
2025-02-10 01:49:00,36.455999999999996
2025-02-10 01:54:00,37.746
2025-02-10 01:59:00,31.421999999999997
2025-02-10 02:04:00,34.32
2025-02-10 02:09:00,35.891999999999996
2025-02-10 02:14:00,34.11
2025-02-10 02:19:00,40.728
2025-02-10 02:24:00,32.652
2025-02-10 02:29:00,35.564
2025-02-10 02:34:00,33.968
2025-02-10 02:39:00,33.802
2025-02-10 02:44:00,36.374
2025-02-10 02:49:00,36.154
2025-02-10 02:54:00,33.73
2025-02-10 02:59:00,33.474000000000004
2025-02-10 03:04:00,36.08
2025-02-10 03:09:00,35.628
2025-02-10 03:14:00,35.61
2025-02-10 03:19:00,35.516
2025-02-10 03:24:00,35.094
2025-02-10 03:29:00,34.622
2025-02-10 03:34:00,34.512
2025-02-10 03:39:00,34.79
2025-02-10 03:44:00,36.644
2025-02-10 03:49:00,34.484
2025-02-10 03:54:00,32.91
2025-02-10 03:59:00,35.61
2025-02-10 04:04:00,33.404
2025-02-10 04:09:00,35.374
2025-02-10 04:14:00,35.458
2025-02-10 04:19:00,31.784000000000002
2025-02-10 04:24:00,33.532
2025-02-10 04:29:00,35.066
2025-02-10 04:34:00,38.49800000000001
2025-02-10 04:39:00,31.44
2025-02-10 04:44:00,35.28800000000001
2025-02-10 04:49:00,32.324
2025-02-10 04:54:00,35.455999999999996
2025-02-10 04:59:00,37.141999999999996
2025-02-10 05:04:00,34.794000000000004
2025-02-10 05:09:00,36.76
2025-02-10 05:14:00,34.178000000000004
2025-02-10 05:19:00,33.436
2025-02-10 05:24:00,36.114000000000004
2025-02-10 05:29:00,34.302
2025-02-10 05:34:00,38.968
2025-02-10 05:39:00,33.098
2025-02-10 05:44:00,34.226
2025-02-10 05:49:00,33.812
2025-02-10 05:54:00,35.7
2025-02-10 05:59:00,34.058
2025-02-10 06:04:00,35.586
2025-02-10 06:09:00,36.338
2025-02-10 06:14:00,33.192
2025-02-10 06:19:00,35.14
2025-02-10 06:24:00,36.666
2025-02-10 06:29:00,33.31
2025-02-10 06:34:00,35.164
2025-02-10 06:39:00,34.624
2025-02-10 06:44:00,32.12
2025-02-10 06:49:00,33.638000000000005
2025-02-10 06:54:00,35.4
2025-02-10 06:59:00,33.232
2025-02-10 07:04:00,33.766
2025-02-10 07:09:00,40.188
2025-02-10 07:14:00,29.201999999999998
2025-02-10 07:19:00,33.328
2025-02-10 07:24:00,33.122
2025-02-10 07:29:00,37.864000000000004
2025-02-10 07:34:00,37.77
2025-02-10 07:39:00,33.275999999999996
2025-02-10 07:44:00,32.77
2025-02-10 07:49:00,33.78
2025-02-10 07:54:00,38.0
2025-02-10 07:59:00,31.596
2025-02-10 08:04:00,33.78
2025-02-10 08:09:00,36.698
2025-02-10 08:14:00,32.85
2025-02-10 08:19:00,39.135999999999996
2025-02-10 08:24:00,34.202
2025-02-10 08:29:00,34.014
2025-02-10 08:34:00,33.332
2025-02-10 08:39:00,33.436
2025-02-10 08:44:00,35.434
2025-02-10 08:49:00,31.941999999999997
2025-02-10 08:54:00,37.936
2025-02-10 08:59:00,33.99
2025-02-10 09:04:00,36.83
2025-02-10 09:09:00,34.422
2025-02-10 09:14:00,33.812
2025-02-10 09:19:00,35.328
2025-02-10 09:24:00,31.996
2025-02-10 09:29:00,33.802
2025-02-10 09:34:00,34.394
2025-02-10 09:39:00,34.586
2025-02-10 09:44:00,34.402
2025-02-10 09:49:00,37.3
2025-02-10 09:54:00,34.474000000000004
2025-02-10 09:59:00,33.098
2025-02-10 10:04:00,35.47
2025-02-10 10:09:00,39.342
2025-02-10 10:14:00,34.86
2025-02-10 10:19:00,34.546
2025-02-10 10:24:00,33.321999999999996
2025-02-10 10:29:00,33.05
2025-02-10 10:34:00,32.09
2025-02-10 10:39:00,33.344
2025-02-10 10:44:00,34.088
2025-02-10 10:49:00,34.062
2025-02-10 10:54:00,38.216
2025-02-10 10:59:00,30.54
2025-02-10 11:04:00,33.356
2025-02-10 11:09:00,39.154
2025-02-10 11:14:00,33.356
2025-02-10 11:19:00,34.158
2025-02-10 11:24:00,34.604
2025-02-10 11:29:00,33.064
2025-02-10 11:34:00,33.135999999999996
2025-02-10 11:39:00,34.226
2025-02-10 11:44:00,34.718
2025-02-10 11:49:00,28.572
2025-02-10 11:54:00,37.464
2025-02-10 11:59:00,31.822
2025-02-10 12:04:00,34.24
2025-02-10 12:09:00,37.718
2025-02-10 12:14:00,34.6
2025-02-10 12:19:00,33.616
2025-02-10 12:24:00,33.544000000000004
2025-02-10 12:29:00,35.424
2025-02-10 12:34:00,32.032
2025-02-10 12:39:00,33.756
2025-02-10 12:44:00,33.31
2025-02-10 12:49:00,33.492
2025-02-10 12:54:00,36.361999999999995
2025-02-10 12:59:00,32.205999999999996
2025-02-10 13:04:00,36.62
2025-02-10 13:09:00,32.132
2025-02-10 13:14:00,34.226
2025-02-10 13:19:00,33.968
2025-02-10 13:24:00,36.62
2025-02-10 13:29:00,36.564
2025-02-10 13:34:00,35.022
2025-02-10 13:39:00,32.248000000000005
2025-02-10 13:44:00,34.148
2025-02-10 13:49:00,33.17
2025-02-10 13:54:00,35.986
2025-02-10 13:59:00,33.38
2025-02-10 14:04:00,35.144
2025-02-10 14:09:00,36.714
2025-02-10 14:14:00,31.784000000000002
2025-02-10 14:19:00,33.686
2025-02-10 14:24:00,33.122
2025-02-10 14:29:00,34.578
2025-02-10 14:34:00,34.894
2025-02-10 14:39:00,36.218
2025-02-10 14:44:00,36.77
2025-02-10 14:49:00,31.22
2025-02-10 14:54:00,35.086
2025-02-10 14:59:00,35.576
2025-02-10 15:04:00,33.666
2025-02-10 15:09:00,37.88800000000001
2025-02-10 15:14:00,36.398
2025-02-10 15:19:00,33.0
2025-02-10 15:24:00,32.698
2025-02-10 15:29:00,33.662
2025-02-10 15:34:00,34.108000000000004
2025-02-10 15:39:00,37.522
2025-02-10 15:44:00,33.802
2025-02-10 15:49:00,32.018
2025-02-10 15:54:00,36.056
2025-02-10 15:59:00,33.286
2025-02-10 16:04:00,36.04
2025-02-10 16:09:00,38.342
2025-02-10 16:14:00,36.571999999999996
2025-02-10 16:19:00,32.518
2025-02-10 16:24:00,34.32
2025-02-10 16:29:00,36.808
2025-02-10 16:34:00,31.808000000000003
2025-02-10 16:39:00,37.16
2025-02-10 16:44:00,37.135999999999996
2025-02-10 16:49:00,33.99
2025-02-10 16:54:00,38.052
2025-02-10 16:59:00,34.46
2025-02-10 17:04:00,34.53
2025-02-10 17:09:00,35.961999999999996
2025-02-10 17:14:00,41.01
2025-02-10 17:19:00,28.794
2025-02-10 17:24:00,34.624
2025-02-10 17:29:00,35.622
2025-02-10 17:34:00,37.824
2025-02-10 17:39:00,37.42
2025-02-10 17:44:00,34.226
2025-02-10 17:49:00,36.571999999999996
2025-02-10 17:54:00,38.92
2025-02-10 17:59:00,32.076
2025-02-10 18:04:00,36.902
2025-02-10 18:09:00,34.202
2025-02-10 18:14:00,34.681999999999995
2025-02-10 18:19:00,36.036
2025-02-10 18:24:00,33.192
2025-02-10 18:29:00,34.976
2025-02-10 18:34:00,35.798
2025-02-10 18:39:00,37.214
2025-02-10 18:44:00,38.512
2025-02-10 18:49:00,32.614000000000004
2025-02-10 18:54:00,39.63800000000001
2025-02-10 18:59:00,34.122
2025-02-10 19:04:00,33.452
2025-02-10 19:09:00,36.571999999999996
2025-02-10 19:14:00,39.32
2025-02-10 19:19:00,32.046
2025-02-10 19:24:00,34.436
2025-02-10 19:29:00,34.718
2025-02-10 19:34:00,34.635999999999996
2025-02-10 19:39:00,36.455999999999996
2025-02-10 19:44:00,38.45
2025-02-10 19:49:00,29.962
2025-02-10 19:54:00,37.522
2025-02-10 19:59:00,35.234
2025-02-10 20:04:00,34.882
2025-02-10 20:09:00,36.525999999999996
2025-02-10 20:14:00,36.596
2025-02-10 20:19:00,40.436
2025-02-10 20:24:00,31.118000000000002
2025-02-10 20:29:00,34.178000000000004
2025-02-10 20:34:00,36.49
2025-02-10 20:39:00,32.442
2025-02-10 20:44:00,34.508
2025-02-10 20:49:00,36.286
2025-02-10 20:54:00,35.916
2025-02-10 20:59:00,33.63
2025-02-10 21:04:00,34.47
2025-02-10 21:09:00,35.986
2025-02-10 21:14:00,34.474000000000004
2025-02-10 21:19:00,35.982
2025-02-10 21:24:00,37.978
2025-02-10 21:29:00,28.968000000000004
2025-02-10 21:34:00,35.188
2025-02-10 21:39:00,32.53
2025-02-10 21:44:00,33.498000000000005
2025-02-10 21:49:00,35.326
2025-02-10 21:54:00,32.7
2025-02-10 21:59:00,33.262
2025-02-10 22:04:00,36.501999999999995
2025-02-10 22:09:00,35.234
2025-02-10 22:14:00,38.24
2025-02-10 22:19:00,31.125999999999998
2025-02-10 22:24:00,36.178000000000004
2025-02-10 22:29:00,32.042
2025-02-10 22:34:00,33.732
2025-02-10 22:39:00,33.17
2025-02-10 22:44:00,33.826
2025-02-10 22:49:00,33.498000000000005
2025-02-10 22:54:00,35.211999999999996
2025-02-10 22:59:00,40.492
2025-02-10 23:04:00,30.47
2025-02-10 23:09:00,37.324
2025-02-10 23:14:00,33.052
2025-02-10 23:19:00,33.262
2025-02-10 23:24:00,33.376
2025-02-10 23:29:00,36.338
2025-02-10 23:34:00,34.132
2025-02-10 23:39:00,32.864000000000004
2025-02-10 23:44:00,34.202
2025-02-10 23:49:00,34.39
2025-02-10 23:54:00,36.238
2025-02-10 23:59:00,38.63800000000001
2025-02-11 00:04:00,30.44
2025-02-11 00:09:00,39.718
2025-02-11 00:14:00,34.0
2025-02-11 00:19:00,33.34
2025-02-11 00:24:00,35.658
2025-02-11 00:29:00,31.8
2025-02-11 00:34:00,33.876
2025-02-11 00:39:00,37.488
2025-02-11 00:44:00,29.94
2025-02-11 00:49:00,35.961999999999996
2025-02-11 00:54:00,33.336
2025-02-11 00:59:00,33.802
2025-02-11 01:04:00,35.938
2025-02-11 01:09:00,34.836
2025-02-11 01:14:00,35.564
2025-02-11 01:19:00,39.904
2025-02-11 01:24:00,29.372
2025-02-11 01:29:00,33.92
2025-02-11 01:34:00,33.99
2025-02-11 01:39:00,36.808
2025-02-11 01:44:00,33.908
2025-02-11 01:49:00,33.514
2025-02-11 01:54:00,35.296
2025-02-11 01:59:00,40.54
2025-02-11 02:04:00,33.298
2025-02-11 02:09:00,35.516
2025-02-11 02:14:00,36.282
2025-02-11 02:19:00,31.362
2025-02-11 02:24:00,33.946
2025-02-11 02:29:00,33.78
2025-02-11 02:34:00,35.634
2025-02-11 02:39:00,32.694
2025-02-11 02:44:00,32.954
2025-02-11 02:49:00,33.85
2025-02-11 02:54:00,36.198
2025-02-11 02:59:00,38.63800000000001
2025-02-11 03:04:00,31.746
2025-02-11 03:09:00,37.135999999999996
2025-02-11 03:14:00,35.68
2025-02-11 03:19:00,34.508
2025-02-11 03:24:00,34.442
2025-02-11 03:29:00,33.764
2025-02-11 03:34:00,34.384
2025-02-11 03:39:00,34.496
2025-02-11 03:44:00,35.708
2025-02-11 03:49:00,32.824
2025-02-11 03:54:00,38.874
2025-02-11 03:59:00,31.08
2025-02-11 04:04:00,33.722
2025-02-11 04:09:00,35.328
2025-02-11 04:14:00,36.69
2025-02-11 04:19:00,37.16
2025-02-11 04:24:00,34.554
2025-02-11 04:29:00,36.62
2025-02-11 04:34:00,35.0
2025-02-11 04:39:00,30.938000000000002
2025-02-11 04:44:00,33.472
2025-02-11 04:49:00,35.95
2025-02-11 04:54:00,34.214
2025-02-11 04:59:00,33.662
2025-02-11 05:04:00,34.694
2025-02-11 05:09:00,37.816
2025-02-11 05:14:00,34.624
2025-02-11 05:19:00,35.634
2025-02-11 05:24:00,34.3
2025-02-11 05:29:00,33.874
2025-02-11 05:34:00,36.478
2025-02-11 05:39:00,32.16
2025-02-11 05:44:00,33.81
2025-02-11 05:49:00,34.028
2025-02-11 05:54:00,35.516
2025-02-11 05:59:00,34.296
2025-02-11 06:04:00,32.464
2025-02-11 06:09:00,34.718
2025-02-11 06:14:00,37.07
2025-02-11 06:19:00,35.4
2025-02-11 06:24:00,31.646
2025-02-11 06:29:00,33.404
2025-02-11 06:34:00,33.711999999999996
2025-02-11 06:39:00,35.07
2025-02-11 06:44:00,34.824
2025-02-11 06:49:00,31.971999999999998
2025-02-11 06:54:00,35.098
2025-02-11 06:59:00,33.944
2025-02-11 07:04:00,35.586
2025-02-11 07:09:00,33.28
2025-02-11 07:14:00,34.718
2025-02-11 07:19:00,34.648
2025-02-11 07:24:00,34.836
2025-02-11 07:29:00,33.376
2025-02-11 07:34:00,34.624
2025-02-11 07:39:00,34.07
2025-02-11 07:44:00,33.616
2025-02-11 07:49:00,37.352
2025-02-11 07:54:00,30.63
2025-02-11 07:59:00,32.698
2025-02-11 08:04:00,35.504
2025-02-11 08:09:00,36.996
2025-02-11 08:14:00,33.738
2025-02-11 08:19:00,35.54
2025-02-11 08:24:00,32.536
2025-02-11 08:29:00,32.254
2025-02-11 08:34:00,34.186
2025-02-11 08:39:00,33.052
2025-02-11 08:44:00,36.15
2025-02-11 08:49:00,32.228
2025-02-11 08:54:00,38.492
2025-02-11 08:59:00,34.694
2025-02-11 09:04:00,34.154
2025-02-11 09:09:00,38.242
2025-02-11 09:14:00,36.202
2025-02-11 09:19:00,34.238
2025-02-11 09:24:00,30.916
2025-02-11 09:29:00,33.24
2025-02-11 09:34:00,35.492
2025-02-11 09:39:00,35.024
2025-02-11 09:44:00,32.066
2025-02-11 09:49:00,33.802
2025-02-11 09:54:00,36.69
2025-02-11 09:59:00,36.032
2025-02-11 10:04:00,36.254
2025-02-11 10:09:00,40.188
2025-02-11 10:14:00,28.94400000000001
2025-02-11 10:19:00,33.85
2025-02-11 10:24:00,33.732
2025-02-11 10:29:00,33.278
2025-02-11 10:34:00,33.53
2025-02-11 10:39:00,36.046
2025-02-11 10:44:00,33.18
2025-02-11 10:49:00,32.644
2025-02-11 10:54:00,37.244
2025-02-11 10:59:00,30.76
2025-02-11 11:04:00,33.772
2025-02-11 11:09:00,39.424
2025-02-11 11:14:00,33.028
2025-02-11 11:19:00,35.164
2025-02-11 11:24:00,31.76
2025-02-11 11:29:00,33.278
2025-02-11 11:34:00,33.756
2025-02-11 11:39:00,35.798
2025-02-11 11:44:00,33.404
2025-02-11 11:49:00,35.446
2025-02-11 11:54:00,35.602
2025-02-11 11:59:00,34.66
2025-02-11 12:04:00,34.874
2025-02-11 12:09:00,33.568000000000005
2025-02-11 12:14:00,33.474000000000004
2025-02-11 12:19:00,35.258
2025-02-11 12:24:00,35.4
2025-02-11 12:29:00,34.65
2025-02-11 12:34:00,35.4
2025-02-11 12:39:00,36.736
2025-02-11 12:44:00,33.202
2025-02-11 12:49:00,34.135999999999996
2025-02-11 12:54:00,35.868
2025-02-11 12:59:00,33.568000000000005
2025-02-11 13:04:00,33.638000000000005
2025-02-11 13:09:00,37.418
2025-02-11 13:14:00,32.934
2025-02-11 13:19:00,33.052
2025-02-11 13:24:00,33.262
2025-02-11 13:29:00,33.654
2025-02-11 13:34:00,33.874
2025-02-11 13:39:00,34.108000000000004
2025-02-11 13:44:00,33.78
2025-02-11 13:49:00,34.436
2025-02-11 13:54:00,37.184
2025-02-11 13:59:00,32.464
2025-02-11 14:04:00,35.634
2025-02-11 14:09:00,34.6
2025-02-11 14:14:00,33.616
2025-02-11 14:19:00,33.99
2025-02-11 14:24:00,33.756
2025-02-11 14:29:00,36.59
2025-02-11 14:34:00,35.406
2025-02-11 14:39:00,31.291999999999998
2025-02-11 14:44:00,33.348
2025-02-11 14:49:00,34.12
2025-02-11 14:54:00,37.111999999999995
2025-02-11 14:59:00,31.471999999999998
2025-02-11 15:04:00,34.014
2025-02-11 15:09:00,38.052
2025-02-11 15:14:00,32.042
2025-02-11 15:19:00,34.718
2025-02-11 15:24:00,35.152
2025-02-11 15:29:00,33.85
2025-02-11 15:34:00,33.498000000000005
2025-02-11 15:39:00,34.53
2025-02-11 15:44:00,34.414
2025-02-11 15:49:00,36.15
2025-02-11 15:54:00,34.176
2025-02-11 15:59:00,34.05
2025-02-11 16:04:00,34.558
2025-02-11 16:09:00,40.184
2025-02-11 16:14:00,31.996
2025-02-11 16:19:00,33.31
2025-02-11 16:24:00,35.856
2025-02-11 16:29:00,35.461999999999996
2025-02-11 16:34:00,33.818000000000005
2025-02-11 16:39:00,33.568000000000005
2025-02-11 16:44:00,34.976
2025-02-11 16:49:00,32.652
2025-02-11 16:54:00,38.24
2025-02-11 16:59:00,33.78
2025-02-11 17:04:00,32.86
2025-02-11 17:09:00,35.564
2025-02-11 17:14:00,34.226
2025-02-11 17:19:00,35.548
2025-02-11 17:24:00,37.324
2025-02-11 17:29:00,34.484
2025-02-11 17:34:00,35.046
2025-02-11 17:39:00,34.472
2025-02-11 17:44:00,34.648
2025-02-11 17:49:00,35.466
2025-02-11 17:54:00,36.384
2025-02-11 17:59:00,34.952
2025-02-11 18:04:00,32.898
2025-02-11 18:09:00,37.464
2025-02-11 18:14:00,36.104
2025-02-11 18:19:00,34.726
2025-02-11 18:24:00,34.088
2025-02-11 18:29:00,37.418
2025-02-11 18:34:00,32.09
2025-02-11 18:39:00,33.216
2025-02-11 18:44:00,34.588
2025-02-11 18:49:00,34.568000000000005
2025-02-11 18:54:00,38.076
2025-02-11 18:59:00,37.696
2025-02-11 19:04:00,34.288000000000004
2025-02-11 19:09:00,34.211999999999996
2025-02-11 19:14:00,36.598
2025-02-11 19:19:00,31.502
2025-02-11 19:24:00,34.025999999999996
2025-02-11 19:29:00,37.63
2025-02-11 19:34:00,34.248000000000005
2025-02-11 19:39:00,34.976
2025-02-11 19:44:00,34.672
2025-02-11 19:49:00,35.658
2025-02-11 19:54:00,35.086
2025-02-11 19:59:00,34.064
2025-02-11 20:04:00,36.878
2025-02-11 20:09:00,35.634
2025-02-11 20:14:00,32.174
2025-02-11 20:19:00,34.178000000000004
2025-02-11 20:24:00,34.092
2025-02-11 20:29:00,37.866
2025-02-11 20:34:00,34.366
2025-02-11 20:39:00,34.414
2025-02-11 20:44:00,34.446
2025-02-11 20:49:00,34.308
2025-02-11 20:54:00,36.314
2025-02-11 20:59:00,41.948
2025-02-11 21:04:00,29.788
2025-02-11 21:09:00,38.522
2025-02-11 21:14:00,34.33
2025-02-11 21:19:00,34.37
2025-02-11 21:24:00,34.226
2025-02-11 21:29:00,36.82
2025-02-11 21:34:00,32.536
2025-02-11 21:39:00,34.788000000000004
2025-02-11 21:44:00,37.018
2025-02-11 21:49:00,33.356
2025-02-11 21:54:00,34.882
2025-02-11 21:59:00,38.592
2025-02-11 22:04:00,35.188
2025-02-11 22:09:00,38.404
2025-02-11 22:14:00,36.738
2025-02-11 22:19:00,37.03
2025-02-11 22:24:00,35.48
2025-02-11 22:29:00,32.782
2025-02-11 22:34:00,39.39
2025-02-11 22:39:00,31.976
2025-02-11 22:44:00,34.35
2025-02-11 22:49:00,34.742
2025-02-11 22:54:00,36.08
2025-02-11 22:59:00,35.338
2025-02-11 23:04:00,35.508
2025-02-11 23:09:00,34.278
2025-02-11 23:14:00,33.178000000000004
2025-02-11 23:19:00,34.836
2025-02-11 23:24:00,35.47
2025-02-11 23:29:00,36.86
2025-02-11 23:34:00,34.998000000000005
2025-02-11 23:39:00,35.24800000000001
2025-02-11 23:44:00,34.69
2025-02-11 23:49:00,34.614000000000004
2025-02-11 23:54:00,38.202
2025-02-11 23:59:00,31.674
2025-02-12 00:04:00,35.696
2025-02-12 00:09:00,37.184
2025-02-12 00:14:00,31.514
2025-02-12 00:19:00,36.01
2025-02-12 00:24:00,33.498000000000005
2025-02-12 00:29:00,37.536
2025-02-12 00:34:00,36.1
2025-02-12 00:39:00,34.38
2025-02-12 00:44:00,35.586
2025-02-12 00:49:00,33.732
2025-02-12 00:54:00,38.756
2025-02-12 00:59:00,33.708
2025-02-12 01:04:00,32.455999999999996
2025-02-12 01:09:00,36.338
2025-02-12 01:14:00,33.906
2025-02-12 01:19:00,35.098
2025-02-12 01:24:00,33.122
2025-02-12 01:29:00,33.86
2025-02-12 01:34:00,39.296
2025-02-12 01:39:00,30.118000000000002
2025-02-12 01:44:00,34.566
2025-02-12 01:49:00,34.484
2025-02-12 01:54:00,37.746
2025-02-12 01:59:00,35.24800000000001
2025-02-12 02:04:00,32.816
2025-02-12 02:09:00,36.08
2025-02-12 02:14:00,34.414
2025-02-12 02:19:00,36.294000000000004
2025-02-12 02:24:00,32.622
2025-02-12 02:29:00,38.99
2025-02-12 02:34:00,33.816
2025-02-12 02:39:00,37.042
2025-02-12 02:44:00,36.174
2025-02-12 02:49:00,34.562
2025-02-12 02:54:00,36.22
2025-02-12 02:59:00,37.23
2025-02-12 03:04:00,35.912
2025-02-12 03:09:00,35.128
2025-02-12 03:14:00,34.286
2025-02-12 03:19:00,34.224000000000004
2025-02-12 03:24:00,33.748000000000005
2025-02-12 03:29:00,35.916
2025-02-12 03:34:00,32.63
2025-02-12 03:39:00,34.196
2025-02-12 03:44:00,35.422
2025-02-12 03:49:00,32.652
2025-02-12 03:54:00,37.876
2025-02-12 03:59:00,33.404
2025-02-12 04:04:00,32.32
2025-02-12 04:09:00,36.104
2025-02-12 04:14:00,35.106
2025-02-12 04:19:00,35.216
2025-02-12 04:24:00,35.204
2025-02-12 04:29:00,34.836
2025-02-12 04:34:00,32.152
2025-02-12 04:39:00,34.084
2025-02-12 04:44:00,36.174
2025-02-12 04:49:00,32.536
2025-02-12 04:54:00,36.034
2025-02-12 04:59:00,36.644
2025-02-12 05:04:00,30.088
2025-02-12 05:09:00,35.314
2025-02-12 05:14:00,33.942
2025-02-12 05:19:00,33.58
2025-02-12 05:24:00,33.262
2025-02-12 05:29:00,38.43
2025-02-12 05:34:00,31.314
2025-02-12 05:39:00,33.24
2025-02-12 05:44:00,34.211999999999996
2025-02-12 05:49:00,33.79
2025-02-12 05:54:00,34.992
2025-02-12 05:59:00,33.262
2025-02-12 06:04:00,36.478
2025-02-12 06:09:00,34.27
2025-02-12 06:14:00,35.306
2025-02-12 06:19:00,31.561999999999998
2025-02-12 06:24:00,33.874
2025-02-12 06:29:00,35.516
2025-02-12 06:34:00,34.272
2025-02-12 06:39:00,37.652
2025-02-12 06:44:00,32.384
2025-02-12 06:49:00,33.568000000000005
2025-02-12 06:54:00,36.714
2025-02-12 06:59:00,33.826
2025-02-12 07:04:00,32.226
2025-02-12 07:09:00,36.275999999999996
2025-02-12 07:14:00,34.85
2025-02-12 07:19:00,35.282
2025-02-12 07:24:00,32.09
2025-02-12 07:29:00,34.062
2025-02-12 07:34:00,34.836
2025-02-12 07:39:00,34.508
2025-02-12 07:44:00,36.268
2025-02-12 07:49:00,34.016
2025-02-12 07:54:00,35.3
2025-02-12 07:59:00,32.606
2025-02-12 08:04:00,33.85
2025-02-12 08:09:00,36.234
2025-02-12 08:14:00,35.068000000000005
2025-02-12 08:19:00,31.791999999999998
2025-02-12 08:24:00,33.961999999999996
2025-02-12 08:29:00,34.812
2025-02-12 08:34:00,35.118
2025-02-12 08:39:00,33.15
2025-02-12 08:44:00,32.184
2025-02-12 08:49:00,34.194
2025-02-12 08:54:00,35.61
2025-02-12 08:59:00,33.098
2025-02-12 09:04:00,33.57
2025-02-12 09:09:00,36.204
2025-02-12 09:14:00,32.056
2025-02-12 09:19:00,31.666
2025-02-12 09:24:00,36.62
2025-02-12 09:29:00,31.596
2025-02-12 09:34:00,33.498000000000005
2025-02-12 09:39:00,35.938
2025-02-12 09:44:00,31.62
2025-02-12 09:49:00,34.53
2025-02-12 09:54:00,34.312
2025-02-12 09:59:00,33.302
2025-02-12 10:04:00,33.78
2025-02-12 10:09:00,38.99
2025-02-12 10:14:00,29.754
2025-02-12 10:19:00,33.616
2025-02-12 10:24:00,34.672
2025-02-12 10:29:00,33.802
2025-02-12 10:34:00,35.564
2025-02-12 10:39:00,33.874
2025-02-12 10:44:00,35.99800000000001
2025-02-12 10:49:00,31.988000000000003
2025-02-12 10:54:00,35.211999999999996
2025-02-12 10:59:00,33.522
2025-02-12 11:04:00,37.324
2025-02-12 11:09:00,32.606
2025-02-12 11:14:00,35.891999999999996
2025-02-12 11:19:00,31.76
2025-02-12 11:24:00,33.556
2025-02-12 11:29:00,33.426
2025-02-12 11:34:00,33.522
2025-02-12 11:39:00,34.648
2025-02-12 11:44:00,31.886
2025-02-12 11:49:00,37.016
2025-02-12 11:54:00,30.554000000000002
2025-02-12 11:59:00,32.88
2025-02-12 12:04:00,33.326
2025-02-12 12:09:00,34.718
2025-02-12 12:14:00,36.032
2025-02-12 12:19:00,29.624000000000002
2025-02-12 12:24:00,33.17
2025-02-12 12:29:00,34.202
2025-02-12 12:34:00,37.24800000000001
2025-02-12 12:39:00,30.61
2025-02-12 12:44:00,35.571999999999996
2025-02-12 12:49:00,31.666
2025-02-12 12:54:00,36.292
2025-02-12 12:59:00,31.76
2025-02-12 13:04:00,33.356
2025-02-12 13:09:00,36.004
2025-02-12 13:14:00,36.464
2025-02-12 13:19:00,32.728
2025-02-12 13:24:00,31.448
2025-02-12 13:29:00,33.896
2025-02-12 13:34:00,32.3
2025-02-12 13:39:00,34.248000000000005
2025-02-12 13:44:00,33.656
2025-02-12 13:49:00,34.906
2025-02-12 13:54:00,32.536
2025-02-12 13:59:00,32.424
2025-02-12 14:04:00,33.03
2025-02-12 14:09:00,38.238
2025-02-12 14:14:00,29.108
2025-02-12 14:19:00,35.086
2025-02-12 14:24:00,30.778000000000002
2025-02-12 14:29:00,32.676
2025-02-12 14:34:00,35.774
2025-02-12 14:39:00,34.342
2025-02-12 14:44:00,32.108000000000004
2025-02-12 14:49:00,37.496
2025-02-12 14:54:00,30.351999999999997
2025-02-12 14:59:00,33.27
2025-02-12 15:04:00,34.766
2025-02-12 15:09:00,35.846
2025-02-12 15:14:00,34.718
2025-02-12 15:19:00,32.066
2025-02-12 15:24:00,35.108000000000004
2025-02-12 15:29:00,30.978
2025-02-12 15:34:00,33.818000000000005
2025-02-12 15:39:00,36.152
2025-02-12 15:44:00,31.55
2025-02-12 15:49:00,36.838
2025-02-12 15:54:00,31.22
2025-02-12 15:59:00,32.558
2025-02-12 16:04:00,33.24
2025-02-12 16:09:00,34.08
2025-02-12 16:14:00,32.934
2025-02-12 16:19:00,33.122
2025-02-12 16:24:00,35.74800000000001
2025-02-12 16:29:00,34.154
2025-02-12 16:34:00,31.45
2025-02-12 16:39:00,32.488
2025-02-12 16:44:00,32.794000000000004
2025-02-12 16:49:00,32.864000000000004
2025-02-12 16:54:00,34.884
2025-02-12 16:59:00,33.146
2025-02-12 17:04:00,37.275999999999996
2025-02-12 17:09:00,33.616
2025-02-12 17:14:00,30.32800000000001
2025-02-12 17:19:00,32.864000000000004
2025-02-12 17:24:00,33.076
2025-02-12 17:29:00,32.84
2025-02-12 17:34:00,35.292
2025-02-12 17:39:00,32.606
2025-02-12 17:44:00,31.912
2025-02-12 17:49:00,35.141999999999996
2025-02-12 17:54:00,32.738
2025-02-12 17:59:00,32.84
2025-02-12 18:04:00,36.032
2025-02-12 18:09:00,33.78
2025-02-12 18:14:00,33.544000000000004
2025-02-12 18:19:00,33.37
2025-02-12 18:24:00,34.32
2025-02-12 18:29:00,32.394
2025-02-12 18:34:00,37.816
2025-02-12 18:39:00,38.522
2025-02-12 18:44:00,33.404
2025-02-12 18:49:00,36.268
2025-02-12 18:54:00,32.84
2025-02-12 18:59:00,35.282
2025-02-12 19:04:00,34.038000000000004
2025-02-12 19:09:00,37.132
2025-02-12 19:14:00,35.774
2025-02-12 19:19:00,31.305999999999997
2025-02-12 19:24:00,33.251999999999995
2025-02-12 19:29:00,33.54
2025-02-12 19:34:00,34.062
2025-02-12 19:39:00,35.492
2025-02-12 19:44:00,36.972
2025-02-12 19:49:00,30.212
2025-02-12 19:54:00,35.821999999999996
2025-02-12 19:59:00,33.868
2025-02-12 20:04:00,34.282
2025-02-12 20:09:00,38.75
2025-02-12 20:14:00,37.18
2025-02-12 20:19:00,30.704
2025-02-12 20:24:00,33.92
2025-02-12 20:29:00,36.431999999999995
2025-02-12 20:34:00,31.314
2025-02-12 20:39:00,34.384
2025-02-12 20:44:00,36.361999999999995
2025-02-12 20:49:00,33.662
2025-02-12 20:54:00,34.436
2025-02-12 20:59:00,33.662
2025-02-12 21:04:00,33.568000000000005
2025-02-12 21:09:00,39.111999999999995
2025-02-12 21:14:00,32.934
2025-02-12 21:19:00,31.666
2025-02-12 21:24:00,35.33
2025-02-12 21:29:00,32.404
2025-02-12 21:34:00,33.944
2025-02-12 21:39:00,34.578
2025-02-12 21:44:00,36.104
2025-02-12 21:49:00,31.574
2025-02-12 21:54:00,34.654
2025-02-12 21:59:00,33.846
2025-02-12 22:04:00,34.2
2025-02-12 22:09:00,34.272
2025-02-12 22:14:00,34.02
2025-02-12 22:19:00,35.838
2025-02-12 22:24:00,31.834
2025-02-12 22:29:00,34.014
2025-02-12 22:34:00,33.874
2025-02-12 22:39:00,33.04
2025-02-12 22:44:00,34.316
2025-02-12 22:49:00,37.7
2025-02-12 22:54:00,33.916
2025-02-12 22:59:00,31.901999999999997
2025-02-12 23:04:00,34.726
2025-02-12 23:09:00,35.306
2025-02-12 23:14:00,33.826
2025-02-12 23:19:00,34.32
2025-02-12 23:24:00,38.662
2025-02-12 23:29:00,33.334
2025-02-12 23:34:00,38.286
2025-02-12 23:39:00,31.526
2025-02-12 23:44:00,34.624
2025-02-12 23:49:00,33.976
2025-02-12 23:54:00,35.662
2025-02-12 23:59:00,35.916
2025-02-13 00:04:00,33.334
2025-02-13 00:09:00,36.431999999999995
2025-02-13 00:14:00,33.544000000000004
2025-02-13 00:19:00,35.61199999999999
2025-02-13 00:24:00,37.746
2025-02-13 00:29:00,33.24
2025-02-13 00:34:00,31.706
2025-02-13 00:39:00,34.772
2025-02-13 00:44:00,32.92
2025-02-13 00:49:00,34.014
2025-02-13 00:54:00,37.864000000000004
2025-02-13 00:59:00,31.526
2025-02-13 01:04:00,34.108000000000004
2025-02-13 01:09:00,36.244
2025-02-13 01:14:00,38.431999999999995
2025-02-13 01:19:00,33.156
2025-02-13 01:24:00,36.37
2025-02-13 01:29:00,31.268
2025-02-13 01:34:00,34.954
2025-02-13 01:39:00,34.288000000000004
2025-02-13 01:44:00,33.498000000000005
2025-02-13 01:49:00,34.718
2025-02-13 01:54:00,34.428000000000004
2025-02-13 01:59:00,38.705999999999996
2025-02-13 02:04:00,31.08
2025-02-13 02:09:00,36.738
2025-02-13 02:14:00,33.704
2025-02-13 02:19:00,34.058
2025-02-13 02:24:00,33.534
2025-02-13 02:29:00,33.522
2025-02-13 02:34:00,34.484
2025-02-13 02:39:00,34.391999999999996
2025-02-13 02:44:00,31.924
2025-02-13 02:49:00,33.775999999999996
2025-02-13 02:54:00,37.586
2025-02-13 02:59:00,30.97
2025-02-13 03:04:00,33.672
2025-02-13 03:09:00,41.034
2025-02-13 03:14:00,34.17
2025-02-13 03:19:00,33.474000000000004
2025-02-13 03:24:00,34.73
2025-02-13 03:29:00,35.164
2025-02-13 03:34:00,36.62
2025-02-13 03:39:00,36.654
2025-02-13 03:44:00,29.95
2025-02-13 03:49:00,33.46
2025-02-13 03:54:00,35.304
2025-02-13 03:59:00,34.672
2025-02-13 04:04:00,37.442
2025-02-13 04:09:00,34.6
2025-02-13 04:14:00,36.256
2025-02-13 04:19:00,32.536
2025-02-13 04:24:00,36.22
2025-02-13 04:29:00,33.44
2025-02-13 04:34:00,31.666
2025-02-13 04:39:00,33.17
2025-02-13 04:44:00,33.756
2025-02-13 04:49:00,35.0
2025-02-13 04:54:00,33.638000000000005
2025-02-13 04:59:00,34.86
2025-02-13 05:04:00,34.308
2025-02-13 05:09:00,33.146
2025-02-13 05:14:00,36.174
2025-02-13 05:19:00,35.198
2025-02-13 05:24:00,34.866
2025-02-13 05:29:00,31.738000000000003
2025-02-13 05:34:00,35.33
2025-02-13 05:39:00,31.802
2025-02-13 05:44:00,33.262
2025-02-13 05:49:00,33.146
2025-02-13 05:54:00,34.976
2025-02-13 05:59:00,33.592
2025-02-13 06:04:00,35.082
2025-02-13 06:09:00,36.455999999999996
2025-02-13 06:14:00,32.092
2025-02-13 06:19:00,34.366
2025-02-13 06:24:00,35.586
2025-02-13 06:29:00,32.828
2025-02-13 06:34:00,34.984
2025-02-13 06:39:00,32.096
2025-02-13 06:44:00,31.526
2025-02-13 06:49:00,35.516
2025-02-13 06:54:00,31.996
2025-02-13 06:59:00,34.46
2025-02-13 07:04:00,30.774
2025-02-13 07:09:00,34.788000000000004
2025-02-13 07:14:00,34.04
2025-02-13 07:19:00,34.722
2025-02-13 07:24:00,35.798
2025-02-13 07:29:00,34.6
2025-02-13 07:34:00,30.798000000000002
2025-02-13 07:39:00,33.326
2025-02-13 07:44:00,34.46
2025-02-13 07:49:00,36.232
2025-02-13 07:54:00,36.478
2025-02-13 07:59:00,33.556
2025-02-13 08:04:00,33.216
2025-02-13 08:09:00,34.46
2025-02-13 08:14:00,35.376
2025-02-13 08:19:00,30.212
2025-02-13 08:24:00,36.056
2025-02-13 08:29:00,29.27
2025-02-13 08:34:00,32.814
2025-02-13 08:39:00,32.652
2025-02-13 08:44:00,32.942
2025-02-13 08:49:00,33.416
2025-02-13 08:54:00,37.56
2025-02-13 08:59:00,36.158
2025-02-13 09:04:00,30.658
2025-02-13 09:09:00,35.891999999999996
2025-02-13 09:14:00,34.226
2025-02-13 09:19:00,33.122
2025-02-13 09:24:00,34.84
2025-02-13 09:29:00,30.822
2025-02-13 09:34:00,34.968
2025-02-13 09:39:00,32.275999999999996
2025-02-13 09:44:00,35.774
2025-02-13 09:49:00,30.54
2025-02-13 09:54:00,34.75
2025-02-13 09:59:00,35.188
2025-02-13 10:04:00,31.338
2025-02-13 10:09:00,37.254
2025-02-13 10:14:00,35.468
2025-02-13 10:19:00,31.49
2025-02-13 10:24:00,32.978
2025-02-13 10:29:00,37.635999999999996
2025-02-13 10:34:00,28.204
2025-02-13 10:39:00,32.676
2025-02-13 10:44:00,32.934
2025-02-13 10:49:00,33.82
2025-02-13 10:54:00,33.382
2025-02-13 10:59:00,35.0
2025-02-13 11:04:00,31.201999999999998
2025-02-13 11:09:00,34.702
2025-02-13 11:14:00,37.412
2025-02-13 11:19:00,33.544000000000004
2025-02-13 11:24:00,34.014
2025-02-13 11:29:00,33.8
2025-02-13 11:34:00,32.111999999999995
2025-02-13 11:39:00,33.99
2025-02-13 11:44:00,34.824
2025-02-13 11:49:00,33.708
2025-02-13 11:54:00,34.624
2025-02-13 11:59:00,33.888000000000005
2025-02-13 12:04:00,39.994
2025-02-13 12:09:00,33.498000000000005
2025-02-13 12:14:00,31.54
2025-02-13 12:19:00,32.79
2025-02-13 12:24:00,32.982
2025-02-13 12:29:00,32.652
2025-02-13 12:34:00,35.282
2025-02-13 12:39:00,32.418
2025-02-13 12:44:00,31.76
2025-02-13 12:49:00,34.624
2025-02-13 12:54:00,33.428000000000004
2025-02-13 12:59:00,33.334
2025-02-13 13:04:00,32.764
2025-02-13 13:09:00,37.374
2025-02-13 13:14:00,31.921999999999997
2025-02-13 13:19:00,31.76
2025-02-13 13:24:00,35.492
2025-02-13 13:29:00,35.516
2025-02-13 13:34:00,34.578
2025-02-13 13:39:00,34.62
2025-02-13 13:44:00,32.096
2025-02-13 13:49:00,32.018
2025-02-13 13:54:00,36.314
2025-02-13 13:59:00,31.478
2025-02-13 14:04:00,35.586
2025-02-13 14:09:00,32.8
2025-02-13 14:14:00,33.95
2025-02-13 14:19:00,35.824
2025-02-13 14:24:00,38.874
2025-02-13 14:29:00,36.054
2025-02-13 14:34:00,33.262
2025-02-13 14:39:00,33.544000000000004
2025-02-13 14:44:00,33.568000000000005
2025-02-13 14:49:00,33.45
2025-02-13 14:54:00,34.882
2025-02-13 14:59:00,33.474000000000004
2025-02-13 15:04:00,36.596
2025-02-13 15:09:00,33.001999999999995
2025-02-13 15:14:00,32.582
2025-02-13 15:19:00,37.6
2025-02-13 15:24:00,33.438
2025-02-13 15:29:00,33.292
2025-02-13 15:34:00,35.942
2025-02-13 15:39:00,33.484
2025-02-13 15:44:00,33.004
2025-02-13 15:49:00,33.514
2025-02-13 15:54:00,35.306
2025-02-13 15:59:00,34.32
2025-02-13 16:04:00,34.766
2025-02-13 16:09:00,33.076
2025-02-13 16:14:00,34.282
2025-02-13 16:19:00,33.592
2025-02-13 16:24:00,32.275999999999996
2025-02-13 16:29:00,38.852
2025-02-13 16:34:00,32.882
2025-02-13 16:39:00,33.216
2025-02-13 16:44:00,34.234
2025-02-13 16:49:00,32.582
2025-02-13 16:54:00,35.282
2025-02-13 16:59:00,36.948
2025-02-13 17:04:00,31.471999999999998
2025-02-13 17:09:00,33.614000000000004
2025-02-13 17:14:00,34.4
2025-02-13 17:19:00,35.008
2025-02-13 17:24:00,33.07
2025-02-13 17:29:00,35.116
2025-02-13 17:34:00,34.452
2025-02-13 17:39:00,31.39
2025-02-13 17:44:00,33.512
2025-02-13 17:49:00,33.47
2025-02-13 17:54:00,37.746
2025-02-13 17:59:00,31.69
2025-02-13 18:04:00,33.67
2025-02-13 18:09:00,36.208
2025-02-13 18:14:00,32.042
2025-02-13 18:19:00,37.298
2025-02-13 18:24:00,30.32800000000001
2025-02-13 18:29:00,35.846
2025-02-13 18:34:00,37.566
2025-02-13 18:39:00,33.04
2025-02-13 18:44:00,34.641999999999996
2025-02-13 18:49:00,32.124
2025-02-13 18:54:00,35.352
2025-02-13 18:59:00,34.536
2025-02-13 19:04:00,32.464
2025-02-13 19:09:00,37.348
2025-02-13 19:14:00,31.384
2025-02-13 19:19:00,34.718
2025-02-13 19:24:00,34.342
2025-02-13 19:29:00,35.164
2025-02-13 19:34:00,35.328
2025-02-13 19:39:00,34.86
2025-02-13 19:44:00,37.288000000000004
2025-02-13 19:49:00,31.072
2025-02-13 19:54:00,36.032
2025-02-13 19:59:00,33.394
2025-02-13 20:04:00,33.004
2025-02-13 20:09:00,35.418
2025-02-13 20:14:00,35.47
2025-02-13 20:19:00,31.055999999999997
2025-02-13 20:24:00,33.098
2025-02-13 20:29:00,33.31
2025-02-13 20:34:00,33.248000000000005
2025-02-13 20:39:00,35.961999999999996
2025-02-13 20:44:00,32.744
2025-02-13 20:49:00,31.528000000000002
2025-02-13 20:54:00,34.624
2025-02-13 20:59:00,34.788000000000004
2025-02-13 21:04:00,32.568000000000005
2025-02-13 21:09:00,35.004
2025-02-13 21:14:00,34.52
2025-02-13 21:19:00,34.014
2025-02-13 21:24:00,32.464
2025-02-13 21:29:00,32.042
2025-02-13 21:34:00,34.038000000000004
2025-02-13 21:39:00,34.566
2025-02-13 21:44:00,35.282
2025-02-13 21:49:00,34.664
2025-02-13 21:54:00,39.236
2025-02-13 21:59:00,28.338
2025-02-13 22:04:00,33.494
2025-02-13 22:09:00,34.766
2025-02-13 22:14:00,34.648
2025-02-13 22:19:00,31.738000000000003
2025-02-13 22:24:00,35.282
2025-02-13 22:29:00,32.394
2025-02-13 22:34:00,32.536
2025-02-13 22:39:00,34.766
2025-02-13 22:44:00,32.57
2025-02-13 22:49:00,33.424
2025-02-13 22:54:00,37.184
2025-02-13 22:59:00,32.864000000000004
2025-02-13 23:04:00,33.944
2025-02-13 23:09:00,33.954
2025-02-13 23:14:00,33.884
2025-02-13 23:19:00,33.18
2025-02-13 23:24:00,33.17
2025-02-13 23:29:00,35.282
2025-02-13 23:34:00,32.344
2025-02-13 23:39:00,33.406
2025-02-13 23:44:00,34.906
2025-02-13 23:49:00,31.94400000000001
2025-02-13 23:54:00,36.078
2025-02-13 23:59:00,33.814
2025-02-14 00:04:00,34.396
2025-02-14 00:09:00,35.0
2025-02-14 00:14:00,33.38
2025-02-14 00:19:00,37.126
2025-02-14 00:24:00,33.391999999999996
2025-02-14 00:29:00,36.666
2025-02-14 00:34:00,31.726
2025-02-14 00:39:00,34.406
2025-02-14 00:44:00,32.794000000000004
2025-02-14 00:49:00,34.006
2025-02-14 00:54:00,36.666
2025-02-14 00:59:00,32.36
2025-02-14 01:04:00,33.635999999999996
2025-02-14 01:09:00,37.135999999999996
2025-02-14 01:14:00,31.932
2025-02-14 01:19:00,34.648
2025-02-14 01:24:00,32.242
2025-02-14 01:29:00,33.404
2025-02-14 01:34:00,36.211999999999996
2025-02-14 01:39:00,39.306
2025-02-14 01:44:00,34.828
2025-02-14 01:49:00,31.314
2025-02-14 01:54:00,35.308
2025-02-14 01:59:00,33.498000000000005
2025-02-14 02:04:00,34.788000000000004
2025-02-14 02:09:00,33.72
2025-02-14 02:14:00,36.996
2025-02-14 02:19:00,30.938000000000002
2025-02-14 02:24:00,32.746
2025-02-14 02:29:00,34.46
2025-02-14 02:34:00,33.984
2025-02-14 02:39:00,35.656
2025-02-14 02:44:00,34.436
2025-02-14 02:49:00,31.15
2025-02-14 02:54:00,35.586
2025-02-14 02:59:00,33.608000000000004
2025-02-14 03:04:00,34.694
2025-02-14 03:09:00,34.906
2025-02-14 03:14:00,38.356
2025-02-14 03:19:00,32.652
2025-02-14 03:24:00,33.076
2025-02-14 03:29:00,37.606
2025-02-14 03:34:00,32.711999999999996
2025-02-14 03:39:00,34.705999999999996
2025-02-14 03:44:00,37.12
2025-02-14 03:49:00,31.714000000000002
2025-02-14 03:54:00,36.784
2025-02-14 03:59:00,33.708
2025-02-14 04:04:00,38.24
2025-02-14 04:09:00,33.92
2025-02-14 04:14:00,35.452
2025-02-14 04:19:00,31.62
2025-02-14 04:24:00,33.592
2025-02-14 04:29:00,34.812
2025-02-14 04:34:00,33.838
2025-02-14 04:39:00,35.236
2025-02-14 04:44:00,29.978
2025-02-14 04:49:00,33.094
2025-02-14 04:54:00,35.946
2025-02-14 04:59:00,33.522
2025-02-14 05:04:00,33.304
2025-02-14 05:09:00,35.082
2025-02-14 05:14:00,33.562
2025-02-14 05:19:00,34.484
2025-02-14 05:24:00,38.286
2025-02-14 05:29:00,32.102
2025-02-14 05:34:00,32.37
2025-02-14 05:39:00,33.896
2025-02-14 05:44:00,34.244
2025-02-14 05:49:00,33.78
2025-02-14 05:54:00,35.078
2025-02-14 05:59:00,35.35
2025-02-14 06:04:00,31.808000000000003
2025-02-14 06:09:00,35.258
2025-02-14 06:14:00,34.806
2025-02-14 06:19:00,32.264
2025-02-14 06:24:00,37.184
2025-02-14 06:29:00,32.43
2025-02-14 06:34:00,35.504
2025-02-14 06:39:00,31.244
2025-02-14 06:44:00,33.896
2025-02-14 06:49:00,34.788000000000004
2025-02-14 06:54:00,34.098
2025-02-14 06:59:00,34.132
2025-02-14 07:04:00,35.821999999999996
2025-02-14 07:09:00,35.692
2025-02-14 07:14:00,36.354
2025-02-14 07:19:00,35.094
2025-02-14 07:24:00,33.6
2025-02-14 07:29:00,34.718
2025-02-14 07:34:00,32.496
2025-02-14 07:39:00,35.798
2025-02-14 07:44:00,32.135999999999996
2025-02-14 07:49:00,33.31
2025-02-14 07:54:00,37.536
2025-02-14 07:59:00,31.031999999999996
2025-02-14 08:04:00,33.802
2025-02-14 08:09:00,37.63
2025-02-14 08:14:00,37.254
2025-02-14 08:19:00,31.13
2025-02-14 08:24:00,33.286
2025-02-14 08:29:00,33.046
2025-02-14 08:34:00,33.122
2025-02-14 08:39:00,38.391999999999996
2025-02-14 08:44:00,30.281999999999996
2025-02-14 08:49:00,32.205999999999996
2025-02-14 08:54:00,35.14
2025-02-14 08:59:00,36.22
2025-02-14 09:04:00,33.592
2025-02-14 09:09:00,35.762
2025-02-14 09:14:00,36.858000000000004
2025-02-14 09:19:00,32.111999999999995
2025-02-14 09:24:00,37.69
2025-02-14 09:29:00,29.79
2025-02-14 09:34:00,33.916
2025-02-14 09:39:00,33.998000000000005
2025-02-14 09:44:00,36.164
2025-02-14 09:49:00,32.128
2025-02-14 09:54:00,35.872
2025-02-14 09:59:00,33.782
2025-02-14 10:04:00,37.418
2025-02-14 10:09:00,34.93
2025-02-14 10:14:00,33.644
2025-02-14 10:19:00,32.464
2025-02-14 10:24:00,35.66
2025-02-14 10:29:00,31.162
2025-02-14 10:34:00,33.338
2025-02-14 10:39:00,35.472
2025-02-14 10:44:00,32.676
2025-02-14 10:49:00,32.794000000000004
2025-02-14 10:54:00,34.882
2025-02-14 10:59:00,35.354
2025-02-14 11:04:00,32.14
2025-02-14 11:09:00,34.882
2025-02-14 11:14:00,35.738
2025-02-14 11:19:00,34.558
2025-02-14 11:24:00,33.896
2025-02-14 11:29:00,30.938000000000002
2025-02-14 11:34:00,33.256
2025-02-14 11:39:00,33.594
2025-02-14 11:44:00,33.628
2025-02-14 11:49:00,34.406
2025-02-14 11:54:00,41.056000000000004
2025-02-14 11:59:00,32.618
2025-02-14 12:04:00,32.008
2025-02-14 12:09:00,35.39
2025-02-14 12:14:00,33.094
2025-02-14 12:19:00,37.488
2025-02-14 12:24:00,31.98
2025-02-14 12:29:00,34.882
2025-02-14 12:34:00,35.846
2025-02-14 12:39:00,31.614
2025-02-14 12:44:00,31.901999999999997
2025-02-14 12:49:00,36.15
2025-02-14 12:54:00,34.554
2025-02-14 12:59:00,33.262
2025-02-14 13:04:00,33.21
2025-02-14 13:09:00,34.578
2025-02-14 13:14:00,36.292
2025-02-14 13:19:00,32.724000000000004
2025-02-14 13:24:00,32.408
2025-02-14 13:29:00,33.034
2025-02-14 13:34:00,34.354
2025-02-14 13:39:00,33.638000000000005
2025-02-14 13:44:00,33.428000000000004
2025-02-14 13:49:00,33.192
2025-02-14 13:54:00,38.204
2025-02-14 13:59:00,29.682
2025-02-14 14:04:00,33.662
2025-02-14 14:09:00,36.76
2025-02-14 14:14:00,33.616
2025-02-14 14:19:00,35.088
2025-02-14 14:24:00,32.821999999999996
2025-02-14 14:29:00,33.654
2025-02-14 14:34:00,33.052
2025-02-14 14:39:00,35.566
2025-02-14 14:44:00,32.961999999999996
2025-02-14 14:49:00,31.744
2025-02-14 14:54:00,35.208
2025-02-14 14:59:00,33.216
2025-02-14 15:04:00,33.548
2025-02-14 15:09:00,40.058
2025-02-14 15:14:00,30.07
2025-02-14 15:19:00,35.6
2025-02-14 15:24:00,35.868
2025-02-14 15:29:00,31.754
2025-02-14 15:34:00,33.722
2025-02-14 15:39:00,34.062
2025-02-14 15:44:00,35.47
2025-02-14 15:49:00,31.244
2025-02-14 15:54:00,35.728
2025-02-14 15:59:00,34.46
2025-02-14 16:04:00,34.342
2025-02-14 16:09:00,33.052
2025-02-14 16:14:00,32.982
2025-02-14 16:19:00,32.57
2025-02-14 16:24:00,34.742
2025-02-14 16:29:00,30.986
2025-02-14 16:34:00,32.806
2025-02-14 16:39:00,33.156
2025-02-14 16:44:00,33.004
2025-02-14 16:49:00,32.408
2025-02-14 16:54:00,35.61
2025-02-14 16:59:00,33.544000000000004
2025-02-14 17:04:00,31.01
2025-02-14 17:09:00,34.146
2025-02-14 17:14:00,35.422
2025-02-14 17:19:00,30.234
2025-02-14 17:24:00,36.22
2025-02-14 17:29:00,32.7
2025-02-14 17:34:00,35.211999999999996
2025-02-14 17:39:00,31.362
2025-02-14 17:44:00,34.32
2025-02-14 17:49:00,31.502
2025-02-14 17:54:00,34.508
2025-02-14 17:59:00,32.63
2025-02-14 18:04:00,32.94
2025-02-14 18:09:00,35.728
2025-02-14 18:14:00,39.954
2025-02-14 18:19:00,30.488000000000003
2025-02-14 18:24:00,32.63
2025-02-14 18:29:00,32.738
2025-02-14 18:34:00,33.78
2025-02-14 18:39:00,32.924
2025-02-14 18:44:00,35.188
2025-02-14 18:49:00,34.902
2025-02-14 18:54:00,32.418
2025-02-14 18:59:00,32.794000000000004
2025-02-14 19:04:00,34.248000000000005
2025-02-14 19:09:00,33.028
2025-02-14 19:14:00,35.352
2025-02-14 19:19:00,32.602
2025-02-14 19:24:00,34.812
2025-02-14 19:29:00,30.564
2025-02-14 19:34:00,33.274
2025-02-14 19:39:00,33.461999999999996
2025-02-14 19:44:00,33.028
2025-02-14 19:49:00,32.668
2025-02-14 19:54:00,34.316
2025-02-14 19:59:00,33.004
2025-02-14 20:04:00,36.902
2025-02-14 20:09:00,32.544000000000004
2025-02-14 20:14:00,30.658
2025-02-14 20:19:00,32.84
2025-02-14 20:24:00,35.352
2025-02-14 20:29:00,34.436
2025-02-14 20:34:00,32.934
2025-02-14 20:39:00,33.076
2025-02-14 20:44:00,32.622
2025-02-14 20:49:00,35.986
2025-02-14 20:54:00,31.198
2025-02-14 20:59:00,35.164
2025-02-14 21:04:00,30.372
2025-02-14 21:09:00,37.018
2025-02-14 21:14:00,32.91
2025-02-14 21:19:00,32.606
2025-02-14 21:24:00,34.554
2025-02-14 21:29:00,32.016
2025-02-14 21:34:00,31.854
2025-02-14 21:39:00,33.944
2025-02-14 21:44:00,33.132
2025-02-14 21:49:00,32.746
2025-02-14 21:54:00,34.466
2025-02-14 21:59:00,32.806
2025-02-14 22:04:00,33.076
2025-02-14 22:09:00,34.436
2025-02-14 22:14:00,35.306
2025-02-14 22:19:00,32.088
2025-02-14 22:24:00,33.5
2025-02-14 22:29:00,32.814
2025-02-14 22:34:00,33.244
2025-02-14 22:39:00,32.746
2025-02-14 22:44:00,32.802
2025-02-14 22:49:00,32.724000000000004
2025-02-14 22:54:00,34.308
2025-02-14 22:59:00,34.562
2025-02-14 23:04:00,32.376
2025-02-14 23:09:00,35.916
2025-02-14 23:14:00,31.62
2025-02-14 23:19:00,35.262
2025-02-14 23:24:00,34.571999999999996
2025-02-14 23:29:00,33.334
2025-02-14 23:34:00,35.492
2025-02-14 23:39:00,31.76
2025-02-14 23:44:00,52.6125
2025-02-15 00:04:00,55.394
2025-02-15 00:09:00,34.154
2025-02-15 00:14:00,32.254
2025-02-15 00:19:00,33.602
2025-02-15 00:24:00,34.692
2025-02-15 00:29:00,32.09
2025-02-15 00:34:00,31.886
2025-02-15 00:39:00,37.742
2025-02-15 00:44:00,30.908
2025-02-15 00:49:00,88.20200000000001
2025-02-15 00:54:00,99.552
2025-02-15 00:59:00,98.944
2025-02-15 01:04:00,98.816
2025-02-15 01:09:00,98.42399999999999
2025-02-15 01:14:00,98.73
2025-02-15 01:19:00,98.544
2025-02-15 01:24:00,98.49799999999999
2025-02-15 01:29:00,98.238
2025-02-15 01:34:00,98.92
2025-02-15 01:39:00,99.62
2025-02-15 01:44:00,99.39
2025-02-15 01:49:00,99.014
2025-02-15 01:54:00,98.49799999999999
2025-02-15 01:59:00,99.06200000000001
2025-02-15 02:04:00,99.25
2025-02-15 02:09:00,99.52799999999999
2025-02-15 02:14:00,99.226
2025-02-15 02:19:00,99.272
2025-02-15 02:24:00,98.72399999999999
2025-02-15 02:29:00,99.554
2025-02-15 02:34:00,98.706
2025-02-15 02:39:00,99.414
2025-02-15 02:44:00,99.53
2025-02-15 02:49:00,99.20200000000001
2025-02-15 02:54:00,98.91799999999999
2025-02-15 02:59:00,99.436
2025-02-15 03:04:00,99.414
2025-02-15 03:09:00,98.73200000000001
2025-02-15 03:14:00,99.46
2025-02-15 03:19:00,99.52799999999999
2025-02-15 03:24:00,99.57799999999999
2025-02-15 03:29:00,99.434
2025-02-15 03:34:00,98.904
2025-02-15 03:39:00,98.756
2025-02-15 03:44:00,99.088
2025-02-15 03:49:00,99.226
2025-02-15 03:54:00,99.318
2025-02-15 03:59:00,98.99
2025-02-15 04:04:00,99.24799999999999
2025-02-15 04:09:00,99.27
2025-02-15 04:14:00,99.414
2025-02-15 04:19:00,98.49799999999999
2025-02-15 04:24:00,98.896
2025-02-15 04:29:00,99.20200000000001
2025-02-15 04:34:00,99.436
2025-02-15 04:39:00,98.616
2025-02-15 04:44:00,98.63799999999999
2025-02-15 04:49:00,99.38799999999999
2025-02-15 04:54:00,98.428
2025-02-15 04:59:00,99.32
2025-02-15 05:04:00,99.296
2025-02-15 05:09:00,99.366
2025-02-15 05:14:00,99.038
2025-02-15 05:19:00,99.484
2025-02-15 05:24:00,99.67
2025-02-15 05:29:00,99.296
2025-02-15 05:34:00,99.20200000000001
2025-02-15 05:39:00,99.436
2025-02-15 05:44:00,98.896
2025-02-15 05:49:00,99.53399999999999
2025-02-15 05:54:00,99.46
2025-02-15 05:59:00,99.038
2025-02-15 06:04:00,99.038
2025-02-15 06:09:00,99.39200000000001
2025-02-15 06:14:00,99.178
2025-02-15 06:19:00,99.20200000000001
2025-02-15 06:24:00,98.904
2025-02-15 06:29:00,98.85
2025-02-15 06:34:00,99.06200000000001
2025-02-15 06:39:00,98.756
2025-02-15 06:44:00,99.3
2025-02-15 06:49:00,99.25
2025-02-15 06:54:00,99.044
2025-02-15 06:59:00,98.522
2025-02-15 07:04:00,98.706
2025-02-15 07:09:00,99.508
2025-02-15 07:14:00,99.39
2025-02-15 07:19:00,99.414
2025-02-15 07:24:00,99.53
2025-02-15 07:29:00,99.36399999999999
2025-02-15 07:34:00,99.042
2025-02-15 07:39:00,99.27
2025-02-15 07:44:00,99.436
2025-02-15 07:49:00,99.132
2025-02-15 07:54:00,99.32
2025-02-15 07:59:00,99.24799999999999
2025-02-15 08:04:00,99.038
2025-02-15 08:09:00,98.9
2025-02-15 08:14:00,99.508
2025-02-15 08:19:00,99.436
2025-02-15 08:24:00,99.412
2025-02-15 08:29:00,98.522
2025-02-15 08:34:00,99.46
2025-02-15 08:39:00,99.014
2025-02-15 08:44:00,98.45
2025-02-15 08:49:00,99.414
2025-02-15 08:54:00,99.458
2025-02-15 08:59:00,98.806
2025-02-15 09:04:00,98.182
2025-02-15 09:09:00,99.08200000000001
2025-02-15 09:14:00,98.82600000000001
2025-02-15 09:19:00,99.34200000000001
2025-02-15 09:24:00,99.574
2025-02-15 09:29:00,99.18
2025-02-15 09:34:00,99.508
2025-02-15 09:39:00,99.436
2025-02-15 09:44:00,99.67200000000001
2025-02-15 09:49:00,99.316
2025-02-15 09:54:00,98.89399999999999
2025-02-15 09:59:00,99.32
2025-02-15 10:04:00,99.67200000000001
2025-02-15 10:09:00,99.366
2025-02-15 10:14:00,99.27
2025-02-15 10:19:00,99.3
2025-02-15 10:24:00,98.49799999999999
2025-02-15 10:29:00,98.89399999999999
2025-02-15 10:34:00,99.53
2025-02-15 10:39:00,99.39
2025-02-15 10:44:00,98.96799999999999
2025-02-15 10:49:00,99.742
2025-02-15 10:54:00,99.318
2025-02-15 10:59:00,99.508
2025-02-15 11:04:00,98.63799999999999
2025-02-15 11:09:00,99.272
2025-02-15 11:14:00,99.484
2025-02-15 11:19:00,99.57799999999999
2025-02-15 11:24:00,98.82600000000001
2025-02-15 11:29:00,98.426
2025-02-15 11:34:00,98.47399999999999
2025-02-15 11:39:00,99.34200000000001
2025-02-15 11:44:00,99.67200000000001
2025-02-15 11:49:00,99.436
2025-02-15 11:54:00,98.556
2025-02-15 11:59:00,98.38
2025-02-15 12:04:00,99.414
2025-02-15 12:09:00,98.756
2025-02-15 12:14:00,99.46
2025-02-15 12:19:00,99.484
2025-02-15 12:24:00,99.046
2025-02-15 12:29:00,99.272
2025-02-15 12:34:00,98.288
2025-02-15 12:39:00,99.414
2025-02-15 12:44:00,99.554
2025-02-15 12:49:00,99.226
2025-02-15 12:54:00,99.67200000000001
2025-02-15 12:59:00,99.178
2025-02-15 13:04:00,98.97200000000001
2025-02-15 13:09:00,99.598
2025-02-15 13:14:00,98.66799999999999
2025-02-15 13:19:00,99.338
2025-02-15 13:24:00,99.27
2025-02-15 13:29:00,98.92
2025-02-15 13:34:00,99.06200000000001
2025-02-15 13:39:00,99.132
2025-02-15 13:44:00,99.506
2025-02-15 13:49:00,99.414
2025-02-15 13:54:00,99.32
2025-02-15 13:59:00,99.624
2025-02-15 14:04:00,98.802
2025-02-15 14:09:00,99.554
2025-02-15 14:14:00,98.82600000000001
2025-02-15 14:19:00,98.78
2025-02-15 14:24:00,98.964
2025-02-15 14:29:00,99.20200000000001
2025-02-15 14:34:00,98.714
2025-02-15 14:39:00,99.458
2025-02-15 14:44:00,99.104
2025-02-15 14:49:00,98.92
2025-02-15 14:54:00,98.68799999999999
2025-02-15 14:59:00,99.32
2025-02-15 15:04:00,99.11
2025-02-15 15:09:00,98.756
2025-02-15 15:14:00,98.708
2025-02-15 15:19:00,98.92
2025-02-15 15:24:00,99.036
2025-02-15 15:29:00,99.412
2025-02-15 15:34:00,98.874
2025-02-15 15:39:00,99.05799999999999
2025-02-15 15:44:00,99.53
2025-02-15 15:49:00,99.25200000000001
2025-02-15 15:54:00,99.272
2025-02-15 15:59:00,99.154
2025-02-15 16:04:00,99.274
2025-02-15 16:09:00,98.944
2025-02-15 16:14:00,98.522
2025-02-15 16:19:00,99.39
2025-02-15 16:24:00,99.508
2025-02-15 16:29:00,98.96799999999999
2025-02-15 16:34:00,99.71799999999999
2025-02-15 16:39:00,99.20200000000001
2025-02-15 16:44:00,99.39
2025-02-15 16:49:00,98.686
2025-02-15 16:54:00,98.63799999999999
2025-02-15 16:59:00,98.64
2025-02-15 17:04:00,99.24799999999999
2025-02-15 17:09:00,99.226
2025-02-15 17:14:00,99.24799999999999
2025-02-15 17:19:00,99.366
2025-02-15 17:24:00,99.484
2025-02-15 17:29:00,99.39
2025-02-15 17:34:00,99.32
2025-02-15 17:39:00,99.436
2025-02-15 17:44:00,99.27600000000001
2025-02-15 17:49:00,98.99
2025-02-15 17:54:00,98.92200000000001
2025-02-15 17:59:00,99.24799999999999
2025-02-15 18:04:00,99.226
2025-02-15 18:09:00,98.874
2025-02-15 18:14:00,99.624
2025-02-15 18:19:00,98.75399999999999
2025-02-15 18:24:00,99.29799999999999
2025-02-15 18:29:00,99.20200000000001
2025-02-15 18:34:00,99.414
2025-02-15 18:39:00,99.20200000000001
2025-02-15 18:44:00,99.39
2025-02-15 18:49:00,98.82600000000001
2025-02-15 18:54:00,99.04
2025-02-15 18:59:00,98.99
2025-02-15 19:04:00,99.366
2025-02-15 19:09:00,99.38600000000001
2025-02-15 19:14:00,98.38
2025-02-15 19:19:00,99.038
2025-02-15 19:24:00,99.34200000000001
2025-02-15 19:29:00,99.436
2025-02-15 19:34:00,99.366
2025-02-15 19:39:00,99.154
2025-02-15 19:44:00,99.10799999999999
2025-02-15 19:49:00,99.084
2025-02-15 19:54:00,99.154
2025-02-15 19:59:00,98.92
2025-02-15 20:04:00,98.78
2025-02-15 20:09:00,98.802
2025-02-15 20:14:00,99.39
2025-02-15 20:19:00,99.272
2025-02-15 20:24:00,99.46
2025-02-15 20:29:00,99.178
2025-02-15 20:34:00,98.662
2025-02-15 20:39:00,99.272
2025-02-15 20:44:00,99.20200000000001
2025-02-15 20:49:00,99.39
2025-02-15 20:54:00,98.706
2025-02-15 20:59:00,99.24600000000001
2025-02-15 21:04:00,99.132
2025-02-15 21:09:00,98.944
2025-02-15 21:14:00,99.436
2025-02-15 21:19:00,98.648
2025-02-15 21:24:00,98.756
2025-02-15 21:29:00,99.204
2025-02-15 21:34:00,99.132
2025-02-15 21:39:00,99.296
2025-02-15 21:44:00,99.178
2025-02-15 21:49:00,99.508
2025-02-15 21:54:00,98.874
2025-02-15 21:59:00,98.99
2025-02-15 22:04:00,99.10799999999999
2025-02-15 22:09:00,99.152
2025-02-15 22:14:00,99.13
2025-02-15 22:19:00,99.13
2025-02-15 22:24:00,99.554
2025-02-15 22:29:00,98.286
2025-02-15 22:34:00,98.286
2025-02-15 22:39:00,99.624
2025-02-15 22:44:00,98.848
2025-02-15 22:49:00,98.88600000000001
2025-02-15 22:54:00,98.626
2025-02-15 22:59:00,98.82600000000001
2025-02-15 23:04:00,98.334
2025-02-15 23:09:00,99.038
2025-02-15 23:14:00,99.226
2025-02-15 23:19:00,99.436
2025-02-15 23:24:00,99.32
2025-02-15 23:29:00,99.50399999999999
2025-02-15 23:34:00,99.624
2025-02-15 23:39:00,98.756
2025-02-15 23:44:00,99.32
2025-02-15 23:49:00,99.414
2025-02-15 23:54:00,98.544
2025-02-15 23:59:00,99.67200000000001
2025-02-16 00:04:00,99.11200000000001
2025-02-16 00:09:00,97.98200000000001
2025-02-16 00:14:00,98.522
2025-02-16 00:19:00,98.31
2025-02-16 00:24:00,98.334
2025-02-16 00:29:00,99.53
2025-02-16 00:34:00,99.43799999999999
2025-02-16 00:39:00,99.20200000000001
2025-02-16 00:44:00,98.59200000000001
2025-02-16 00:49:00,99.088
2025-02-16 00:54:00,99.32
2025-02-16 00:59:00,99.156
2025-02-16 01:04:00,99.24799999999999
2025-02-16 01:09:00,99.57799999999999
2025-02-16 01:14:00,98.616
2025-02-16 01:19:00,97.72399999999999
2025-02-16 01:24:00,98.78
2025-02-16 01:29:00,98.404
2025-02-16 01:34:00,99.6
2025-02-16 01:39:00,99.036
2025-02-16 01:44:00,99.67200000000001
2025-02-16 01:49:00,99.624
2025-02-16 01:54:00,99.39
2025-02-16 01:59:00,99.014
2025-02-16 02:04:00,99.178
2025-02-16 02:09:00,99.176
2025-02-16 02:14:00,99.038
2025-02-16 02:19:00,98.73200000000001
2025-02-16 02:24:00,98.6
2025-02-16 02:29:00,99.084
2025-02-16 02:34:00,99.36399999999999
2025-02-16 02:39:00,99.24799999999999
2025-02-16 02:44:00,99.32
2025-02-16 02:49:00,99.486
2025-02-16 02:54:00,98.756
2025-02-16 02:59:00,98.99
2025-02-16 03:04:00,99.552
2025-02-16 03:09:00,99.014
2025-02-16 03:14:00,98.544
2025-02-16 03:19:00,99.53
2025-02-16 03:24:00,99.296
2025-02-16 03:29:00,98.92
2025-02-16 03:34:00,99.206
2025-02-16 03:39:00,98.896
2025-02-16 03:44:00,98.772
2025-02-16 03:49:00,99.41
2025-02-16 03:54:00,99.39
2025-02-16 03:59:00,98.896
2025-02-16 04:04:00,99.014
2025-02-16 04:09:00,99.34200000000001
2025-02-16 04:14:00,99.10600000000001
2025-02-16 04:19:00,99.162
2025-02-16 04:24:00,99.10799999999999
2025-02-16 04:29:00,99.132
2025-02-16 04:34:00,98.85
2025-02-16 04:39:00,98.73200000000001
2025-02-16 04:44:00,99.014
2025-02-16 04:49:00,98.92399999999999
2025-02-16 04:54:00,99.038
2025-02-16 04:59:00,99.038
2025-02-16 05:04:00,98.82600000000001
2025-02-16 05:09:00,99.274
2025-02-16 05:14:00,98.944
2025-02-16 05:19:00,98.992
2025-02-16 05:24:00,99.346
2025-02-16 05:29:00,98.726
2025-02-16 05:34:00,99.34200000000001
2025-02-16 05:39:00,98.286
2025-02-16 05:44:00,98.96799999999999
2025-02-16 05:49:00,98.35600000000001
2025-02-16 05:54:00,99.228
2025-02-16 05:59:00,99.436
2025-02-16 06:04:00,99.36
2025-02-16 06:09:00,99.39
2025-02-16 06:14:00,98.588
2025-02-16 06:19:00,99.06200000000001
2025-02-16 06:24:00,99.414
2025-02-16 06:29:00,99.226
2025-02-16 06:34:00,98.81
2025-02-16 06:39:00,99.20200000000001
2025-02-16 06:44:00,99.20200000000001
2025-02-16 06:49:00,99.24799999999999
2025-02-16 06:54:00,98.896
2025-02-16 06:59:00,98.662
2025-02-16 07:04:00,99.038
2025-02-16 07:09:00,99.24799999999999
2025-02-16 07:14:00,98.758
2025-02-16 07:19:00,98.334
2025-02-16 07:24:00,98.20200000000001
2025-02-16 07:29:00,99.01799999999999
2025-02-16 07:34:00,99.084
2025-02-16 07:39:00,99.39
2025-02-16 07:44:00,98.546
2025-02-16 07:49:00,99.03399999999999
2025-02-16 07:54:00,99.304
2025-02-16 07:59:00,98.662
2025-02-16 08:04:00,99.038
2025-02-16 08:09:00,99.296
2025-02-16 08:14:00,98.59200000000001
2025-02-16 08:19:00,98.31
2025-02-16 08:24:00,98.896
2025-02-16 08:29:00,98.63799999999999
2025-02-16 08:34:00,99.316
2025-02-16 08:39:00,99.22399999999999
2025-02-16 08:44:00,98.896
2025-02-16 08:49:00,99.366
2025-02-16 08:54:00,99.226
2025-02-16 08:59:00,99.24799999999999
2025-02-16 09:04:00,97.8
2025-02-16 09:09:00,99.06200000000001
2025-02-16 09:14:00,99.344
2025-02-16 09:19:00,98.85
2025-02-16 09:24:00,99.132
2025-02-16 09:29:00,99.20200000000001
2025-02-16 09:34:00,99.412
2025-02-16 09:39:00,99.2
2025-02-16 09:44:00,99.694
2025-02-16 09:49:00,99.06200000000001
2025-02-16 09:54:00,99.436
2025-02-16 09:59:00,98.47399999999999
2025-02-16 10:04:00,98.764
2025-02-16 10:09:00,99.014
2025-02-16 10:14:00,98.96799999999999
2025-02-16 10:19:00,99.04
2025-02-16 10:24:00,98.052
2025-02-16 10:29:00,99.05799999999999
2025-02-16 10:34:00,98.802
2025-02-16 10:39:00,98.59200000000001
2025-02-16 10:44:00,97.27600000000001
2025-02-16 10:49:00,98.286
2025-02-16 10:54:00,99.27
2025-02-16 10:59:00,98.788
2025-02-16 11:04:00,97.98200000000001
2025-02-16 11:09:00,98.83
2025-02-16 11:14:00,98.49600000000001
2025-02-16 11:19:00,98.712
2025-02-16 11:24:00,99.46
2025-02-16 11:29:00,98.686
2025-02-16 11:34:00,98.664
2025-02-16 11:39:00,99.296
2025-02-16 11:44:00,98.428
2025-02-16 11:49:00,99.296
2025-02-16 11:54:00,99.154
2025-02-16 11:59:00,99.038
2025-02-16 12:04:00,99.34200000000001
2025-02-16 12:09:00,99.084
2025-02-16 12:14:00,99.014
2025-02-16 12:19:00,99.366
2025-02-16 12:24:00,98.82600000000001
2025-02-16 12:29:00,98.42399999999999
2025-02-16 12:34:00,98.69
2025-02-16 12:39:00,99.132
2025-02-16 12:44:00,98.96799999999999
2025-02-16 12:49:00,98.944
2025-02-16 12:54:00,98.92
2025-02-16 12:59:00,99.484
2025-02-16 13:04:00,99.366
2025-02-16 13:09:00,98.756
2025-02-16 13:14:00,98.756
2025-02-16 13:19:00,99.04
2025-02-16 13:24:00,98.38
2025-02-16 13:29:00,99.226
2025-02-16 13:34:00,98.78
2025-02-16 13:39:00,98.89399999999999
2025-02-16 13:44:00,98.74
2025-02-16 13:49:00,98.47399999999999
2025-02-16 13:54:00,98.572
2025-02-16 13:59:00,99.084
2025-02-16 14:04:00,97.488
2025-02-16 14:09:00,99.226
2025-02-16 14:14:00,98.99
2025-02-16 14:19:00,99.296
2025-02-16 14:24:00,99.06200000000001
2025-02-16 14:29:00,99.434
2025-02-16 14:34:00,99.132
2025-02-16 14:39:00,99.24799999999999
2025-02-16 14:44:00,98.552
2025-02-16 14:49:00,99.22200000000001
